46605_31178.html,1,1,小さな,連体詞,,,,,,小さな,チイサナ,チーサナ
46605_31178.html,1,2,谷川,名詞,一般,,,,,谷川,タニガワ,タニガワ
46605_31178.html,1,3,の,助詞,連体化,,,,,の,ノ,ノ
46605_31178.html,1,4,底,名詞,一般,,,,,底,ソコ,ソコ
46605_31178.html,1,5,を,助詞,格助詞,一般,,,,を,ヲ,ヲ
46605_31178.html,1,6,写し,動詞,自立,,,五段・サ行,連用形,写す,ウツシ,ウツシ
46605_31178.html,1,7,た,助動詞,,,,特殊・タ,基本形,た,タ,タ
46605_31178.html,1,8,二,名詞,数,,,,,二,ニ,ニ
46605_31178.html,1,9,枚,名詞,接尾,助数詞,,,,枚,マイ,マイ
46605_31178.html,1,10,の,助詞,連体化,,,,,の,ノ,ノ
46605_31178.html,1,11,青い,形容詞,自立,,,形容詞・アウオ段,基本形,青い,アオイ,アオイ
46605_31178.html,1,12,幻,名詞,一般,,,,,幻,マボロシ,マボロシ
46605_31178.html,1,13,燈,名詞,一般,,,,,燈,燈,燈
46605_31178.html,1,14,です,助動詞,,,,特殊・デス,基本形,です,デス,デス
46605_31178.html,1,15,。,記号,句点,,,,,。,。,。
46605_31178.html,2,1,一,名詞,数,,,,,一,イチ,イチ
46605_31178.html,2,2,、,記号,読点,,,,,、,、,、
46605_31178.html,2,3,五月,名詞,副詞可能,,,,,五月,ゴガツ,ゴガツ
46605_31178.html,3,1,二,名詞,数,,,,,二,ニ,ニ
46605_31178.html,3,2,疋,名詞,一般,,,,,疋,疋,疋
46605_31178.html,3,3,の,助詞,連体化,,,,,の,ノ,ノ
46605_31178.html,3,4,蟹,名詞,一般,,,,,蟹,カニ,カニ
46605_31178.html,3,5,の,助詞,連体化,,,,,の,ノ,ノ
46605_31178.html,3,6,子供,名詞,一般,,,,,子供,コドモ,コドモ
46605_31178.html,3,7,ら,名詞,接尾,一般,,,,ら,ラ,ラ
46605_31178.html,3,8,が,助詞,格助詞,一般,,,,が,ガ,ガ
46605_31178.html,3,9,青じろい,形容詞,自立,,,形容詞・アウオ段,基本形,青じろい,アオジロイ,アオジロイ
46605_31178.html,3,10,水,名詞,一般,,,,,水,ミズ,ミズ
46605_31178.html,3,11,の,助詞,連体化,,,,,の,ノ,ノ
46605_31178.html,3,12,底,名詞,一般,,,,,底,ソコ,ソコ
46605_31178.html,3,13,で,助詞,格助詞,一般,,,,で,デ,デ
46605_31178.html,3,14,話し,動詞,自立,,,五段・サ行,連用形,話す,ハナシ,ハナシ
46605_31178.html,3,15,て,助詞,接続助詞,,,,,て,テ,テ
46605_31178.html,3,16,い,動詞,非自立,,,一段,連用形,いる,イ,イ
46605_31178.html,3,17,まし,助動詞,,,,特殊・マス,連用形,ます,マシ,マシ
46605_31178.html,3,18,た,助動詞,,,,特殊・タ,基本形,た,タ,タ
46605_31178.html,3,19,。,記号,句点,,,,,。,。,。
46605_31178.html,4,1,『,記号,括弧開,,,,,『,『,『
46605_31178.html,4,2,クラムボン,名詞,一般,,,,,クラムボン,クラムボン,クラムボン
46605_31178.html,4,3,は,助詞,係助詞,,,,,は,ハ,ワ
46605_31178.html,4,4,わらっ,動詞,自立,,,五段・ワ行促音便,連用タ接続,わらう,ワラッ,ワラッ
46605_31178.html,4,5,た,助動詞,,,,特殊・タ,基本形,た,タ,タ
46605_31178.html,4,6,よ,助詞,終助詞,,,,,よ,ヨ,ヨ
46605_31178.html,4,7,。,記号,句点,,,,,。,。,。
46605_31178.html,4,8,』,記号,括弧閉,,,,,』,』,』
46605_31178.html,5,1,『,記号,括弧開,,,,,『,『,『
46605_31178.html,5,2,クラムボン,名詞,一般,,,,,クラムボン,クラムボン,クラムボン
46605_31178.html,5,3,は,助詞,係助詞,,,,,は,ハ,ワ
46605_31178.html,5,4,か,助詞,副助詞／並立助詞／終助詞,,,,,か,カ,カ
46605_31178.html,5,5,ぷかぷわらったよ,名詞,固有名詞,一般,,,,ぷかぷわらったよ,ぷかぷわらったよ,ぷかぷわらったよ
46605_31178.html,5,6,。,記号,句点,,,,,。,。,。
46605_31178.html,5,7,』,記号,括弧閉,,,,,』,』,』
46605_31178.html,6,1,『,記号,括弧開,,,,,『,『,『
46605_31178.html,6,2,クラムボン,名詞,一般,,,,,クラムボン,クラムボン,クラムボン
46605_31178.html,6,3,は,助詞,係助詞,,,,,は,ハ,ワ
46605_31178.html,6,4,跳ね,動詞,自立,,,一段,連用形,跳ねる,ハネ,ハネ
46605_31178.html,6,5,て,助詞,接続助詞,,,,,て,テ,テ
46605_31178.html,6,6,わらっ,動詞,自立,,,五段・ワ行促音便,連用タ接続,わらう,ワラッ,ワラッ
46605_31178.html,6,7,た,助動詞,,,,特殊・タ,基本形,た,タ,タ
46605_31178.html,6,8,よ,助詞,終助詞,,,,,よ,ヨ,ヨ
46605_31178.html,6,9,。,記号,句点,,,,,。,。,。
46605_31178.html,6,10,』,記号,括弧閉,,,,,』,』,』
46605_31178.html,7,1,『,記号,括弧開,,,,,『,『,『
46605_31178.html,7,2,クラムボン,名詞,一般,,,,,クラムボン,クラムボン,クラムボン
46605_31178.html,7,3,は,助詞,係助詞,,,,,は,ハ,ワ
46605_31178.html,7,4,か,助詞,副助詞／並立助詞／終助詞,,,,,か,カ,カ
46605_31178.html,7,5,ぷかぷわらったよ,名詞,固有名詞,一般,,,,ぷかぷわらったよ,ぷかぷわらったよ,ぷかぷわらったよ
46605_31178.html,7,6,。,記号,句点,,,,,。,。,。
46605_31178.html,7,7,』,記号,括弧閉,,,,,』,』,』
46605_31178.html,8,1,上,名詞,一般,,,,,上,ウエ,ウエ
46605_31178.html,8,2,の,助詞,連体化,,,,,の,ノ,ノ
46605_31178.html,8,3,方,名詞,非自立,一般,,,,方,ホウ,ホー
46605_31178.html,8,4,や,助詞,並立助詞,,,,,や,ヤ,ヤ
46605_31178.html,8,5,横,名詞,一般,,,,,横,ヨコ,ヨコ
46605_31178.html,8,6,の,助詞,連体化,,,,,の,ノ,ノ
46605_31178.html,8,7,方,名詞,非自立,一般,,,,方,ホウ,ホー
46605_31178.html,8,8,は,助詞,係助詞,,,,,は,ハ,ワ
46605_31178.html,8,9,、,記号,読点,,,,,、,、,、
46605_31178.html,8,10,青く,形容詞,自立,,,形容詞・アウオ段,連用テ接続,青い,アオク,アオク
46605_31178.html,8,11,くらく,形容詞,自立,,,形容詞・アウオ段,連用テ接続,くらい,クラク,クラク
46605_31178.html,8,12,鋼,名詞,一般,,,,,鋼,ハガネ,ハガネ
46605_31178.html,8,13,の,助詞,連体化,,,,,の,ノ,ノ
46605_31178.html,8,14,よう,名詞,非自立,助動詞語幹,,,,よう,ヨウ,ヨー
46605_31178.html,8,15,に,助詞,副詞化,,,,,に,ニ,ニ
46605_31178.html,8,16,見え,動詞,自立,,,一段,連用形,見える,ミエ,ミエ
46605_31178.html,8,17,ます,助動詞,,,,特殊・マス,基本形,ます,マス,マス
46605_31178.html,8,18,。,記号,句点,,,,,。,。,。
46605_31178.html,9,1,その,連体詞,,,,,,その,ソノ,ソノ
46605_31178.html,9,2,なめらか,名詞,形容動詞語幹,,,,,なめらか,ナメラカ,ナメラカ
46605_31178.html,9,3,な,助動詞,,,,特殊・ダ,体言接続,だ,ナ,ナ
46605_31178.html,9,4,天井,名詞,一般,,,,,天井,テンジョウ,テンジョー
46605_31178.html,9,5,を,助詞,格助詞,一般,,,,を,ヲ,ヲ
46605_31178.html,9,6,、,記号,読点,,,,,、,、,、
46605_31178.html,9,7,つぶつぶ,名詞,一般,,,,,つぶつぶ,ツブツブ,ツブツブ
46605_31178.html,9,8,暗い,形容詞,自立,,,形容詞・アウオ段,基本形,暗い,クライ,クライ
46605_31178.html,9,9,泡,名詞,一般,,,,,泡,アワ,アワ
46605_31178.html,9,10,が,助詞,格助詞,一般,,,,が,ガ,ガ
46605_31178.html,9,11,流れ,動詞,自立,,,一段,連用形,流れる,ナガレ,ナガレ
46605_31178.html,9,12,て,助詞,接続助詞,,,,,て,テ,テ
46605_31178.html,9,13,行き,動詞,非自立,,,五段・カ行促音便,連用形,行く,イキ,イキ
46605_31178.html,9,14,ます,助動詞,,,,特殊・マス,基本形,ます,マス,マス
46605_31178.html,9,15,。,記号,句点,,,,,。,。,。
46605_31178.html,10,1,『,記号,括弧開,,,,,『,『,『
46605_31178.html,10,2,クラムボン,名詞,一般,,,,,クラムボン,クラムボン,クラムボン
46605_31178.html,10,3,は,助詞,係助詞,,,,,は,ハ,ワ
46605_31178.html,10,4,わらっ,動詞,自立,,,五段・ワ行促音便,連用タ接続,わらう,ワラッ,ワラッ
46605_31178.html,10,5,て,助詞,接続助詞,,,,,て,テ,テ
46605_31178.html,10,6,い,動詞,非自立,,,一段,連用形,いる,イ,イ
46605_31178.html,10,7,た,助動詞,,,,特殊・タ,基本形,た,タ,タ
46605_31178.html,10,8,よ,助詞,終助詞,,,,,よ,ヨ,ヨ
46605_31178.html,10,9,。,記号,句点,,,,,。,。,。
46605_31178.html,10,10,』,記号,括弧閉,,,,,』,』,』
46605_31178.html,11,1,『,記号,括弧開,,,,,『,『,『
46605_31178.html,11,2,クラムボン,名詞,一般,,,,,クラムボン,クラムボン,クラムボン
46605_31178.html,11,3,は,助詞,係助詞,,,,,は,ハ,ワ
46605_31178.html,11,4,か,助詞,副助詞／並立助詞／終助詞,,,,,か,カ,カ
46605_31178.html,11,5,ぷかぷわらったよ,名詞,固有名詞,一般,,,,ぷかぷわらったよ,ぷかぷわらったよ,ぷかぷわらったよ
46605_31178.html,11,6,。,記号,句点,,,,,。,。,。
46605_31178.html,11,7,』,記号,括弧閉,,,,,』,』,』
46605_31178.html,12,1,『,記号,括弧開,,,,,『,『,『
46605_31178.html,12,2,それなら,接続詞,,,,,,それなら,ソレナラ,ソレナラ
46605_31178.html,12,3,なぜ,副詞,助詞類接続,,,,,なぜ,ナゼ,ナゼ
46605_31178.html,12,4,クラムボン,名詞,一般,,,,,クラムボン,クラムボン,クラムボン
46605_31178.html,12,5,は,助詞,係助詞,,,,,は,ハ,ワ
46605_31178.html,12,6,わらっ,動詞,自立,,,五段・ワ行促音便,連用タ接続,わらう,ワラッ,ワラッ
46605_31178.html,12,7,た,助動詞,,,,特殊・タ,基本形,た,タ,タ
46605_31178.html,12,8,の,助詞,終助詞,,,,,の,ノ,ノ
46605_31178.html,12,9,。,記号,句点,,,,,。,。,。
46605_31178.html,12,10,』,記号,括弧閉,,,,,』,』,』
46605_31178.html,13,1,『,記号,括弧開,,,,,『,『,『
46605_31178.html,13,2,知ら,動詞,自立,,,五段・ラ行,未然形,知る,シラ,シラ
46605_31178.html,13,3,ない,助動詞,,,,特殊・ナイ,基本形,ない,ナイ,ナイ
46605_31178.html,13,4,。,記号,句点,,,,,。,。,。
46605_31178.html,14,1,つぶつぶ,名詞,一般,,,,,つぶつぶ,ツブツブ,ツブツブ
46605_31178.html,14,2,泡,名詞,一般,,,,,泡,アワ,アワ
46605_31178.html,14,3,が,助詞,格助詞,一般,,,,が,ガ,ガ
46605_31178.html,14,4,流れ,動詞,自立,,,一段,連用形,流れる,ナガレ,ナガレ
46605_31178.html,14,5,て,助詞,接続助詞,,,,,て,テ,テ
46605_31178.html,14,6,行き,動詞,非自立,,,五段・カ行促音便,連用形,行く,イキ,イキ
46605_31178.html,14,7,ます,助動詞,,,,特殊・マス,基本形,ます,マス,マス
46605_31178.html,14,8,。,記号,句点,,,,,。,。,。
46605_31178.html,15,1,蟹,名詞,一般,,,,,蟹,カニ,カニ
46605_31178.html,15,2,の,助詞,連体化,,,,,の,ノ,ノ
46605_31178.html,15,3,子供,名詞,一般,,,,,子供,コドモ,コドモ
46605_31178.html,15,4,ら,名詞,接尾,一般,,,,ら,ラ,ラ
46605_31178.html,15,5,も,助詞,係助詞,,,,,も,モ,モ
46605_31178.html,15,6,ぽっぽ,名詞,サ変接続,,,,,ぽっぽ,ポッポ,ポッポ
46605_31178.html,15,7,っぽ,形容詞,接尾,,,形容詞・アウオ段,ガル接続,っぽい,ッポ,ッポ
46605_31178.html,15,8,っと,助詞,格助詞,引用,,,,っと,ット,ット
46605_31178.html,15,9,つづけ,動詞,自立,,,一段,連用形,つづける,ツヅケ,ツズケ
46605_31178.html,15,10,て,助詞,接続助詞,,,,,て,テ,テ
46605_31178.html,15,11,五,名詞,数,,,,,五,ゴ,ゴ
46605_31178.html,15,12,六,名詞,数,,,,,六,ロク,ロク
46605_31178.html,15,13,粒,名詞,接尾,助数詞,,,,粒,ツブ,ツブ
46605_31178.html,15,14,泡,名詞,一般,,,,,泡,アワ,アワ
46605_31178.html,15,15,を,助詞,格助詞,一般,,,,を,ヲ,ヲ
46605_31178.html,15,16,吐き,動詞,自立,,,五段・カ行イ音便,連用形,吐く,ハキ,ハキ
46605_31178.html,15,17,まし,助動詞,,,,特殊・マス,連用形,ます,マシ,マシ
46605_31178.html,15,18,た,助動詞,,,,特殊・タ,基本形,た,タ,タ
46605_31178.html,15,19,。,記号,句点,,,,,。,。,。
46605_31178.html,16,1,それ,名詞,代名詞,一般,,,,それ,ソレ,ソレ
46605_31178.html,16,2,は,助詞,係助詞,,,,,は,ハ,ワ
46605_31178.html,16,3,ゆれ,動詞,自立,,,一段,連用形,ゆれる,ユレ,ユレ
46605_31178.html,16,4,ながら,助詞,接続助詞,,,,,ながら,ナガラ,ナガラ
46605_31178.html,16,5,水銀,名詞,一般,,,,,水銀,スイギン,スイギン
46605_31178.html,16,6,の,助詞,連体化,,,,,の,ノ,ノ
46605_31178.html,16,7,よう,名詞,非自立,助動詞語幹,,,,よう,ヨウ,ヨー
46605_31178.html,16,8,に,助詞,格助詞,一般,,,,に,ニ,ニ
46605_31178.html,16,9,光っ,動詞,自立,,,五段・ラ行,連用タ接続,光る,ヒカッ,ヒカッ
46605_31178.html,16,10,て,助詞,接続助詞,,,,,て,テ,テ
46605_31178.html,16,11,斜め,名詞,形容動詞語幹,,,,,斜め,ナナメ,ナナメ
46605_31178.html,16,12,に,助詞,副詞化,,,,,に,ニ,ニ
46605_31178.html,16,13,上,名詞,一般,,,,,上,ウエ,ウエ
46605_31178.html,16,14,の,助詞,連体化,,,,,の,ノ,ノ
46605_31178.html,16,15,方,名詞,非自立,一般,,,,方,ホウ,ホー
46605_31178.html,16,16,へ,助詞,格助詞,一般,,,,へ,ヘ,エ
46605_31178.html,16,17,のぼっ,動詞,自立,,,五段・ラ行,連用タ接続,のぼる,ノボッ,ノボッ
46605_31178.html,16,18,て,助詞,接続助詞,,,,,て,テ,テ
46605_31178.html,16,19,行き,動詞,非自立,,,五段・カ行促音便,連用形,行く,イキ,イキ
46605_31178.html,16,20,まし,助動詞,,,,特殊・マス,連用形,ます,マシ,マシ
46605_31178.html,16,21,た,助動詞,,,,特殊・タ,基本形,た,タ,タ
46605_31178.html,16,22,。,記号,句点,,,,,。,。,。
46605_31178.html,17,1,つう,名詞,一般,,,,,つう,ツウ,ツー
46605_31178.html,17,2,と,助詞,並立助詞,,,,,と,ト,ト
46605_31178.html,17,3,銀,名詞,一般,,,,,銀,ギン,ギン
46605_31178.html,17,4,の,助詞,連体化,,,,,の,ノ,ノ
46605_31178.html,17,5,いろ,動詞,非自立,,,一段,命令ｒｏ,いる,イロ,イロ
46605_31178.html,17,6,の,助詞,連体化,,,,,の,ノ,ノ
46605_31178.html,17,7,腹,名詞,一般,,,,,腹,ハラ,ハラ
46605_31178.html,17,8,を,助詞,格助詞,一般,,,,を,ヲ,ヲ
46605_31178.html,17,9,ひるがえし,動詞,自立,,,五段・サ行,連用形,ひるがえす,ヒルガエシ,ヒルガエシ
46605_31178.html,17,10,て,助詞,接続助詞,,,,,て,テ,テ
46605_31178.html,17,11,、,記号,読点,,,,,、,、,、
46605_31178.html,17,12,一疋,名詞,一般,,,,,一疋,イッピキ,イッピキ
46605_31178.html,17,13,の,助詞,連体化,,,,,の,ノ,ノ
46605_31178.html,17,14,魚,名詞,一般,,,,,魚,サカナ,サカナ
46605_31178.html,17,15,が,助詞,格助詞,一般,,,,が,ガ,ガ
46605_31178.html,17,16,頭,名詞,一般,,,,,頭,アタマ,アタマ
46605_31178.html,17,17,の,助詞,連体化,,,,,の,ノ,ノ
46605_31178.html,17,18,上,名詞,一般,,,,,上,ウエ,ウエ
46605_31178.html,17,19,を,助詞,格助詞,一般,,,,を,ヲ,ヲ
46605_31178.html,17,20,過ぎ,動詞,自立,,,一段,連用形,過ぎる,スギ,スギ
46605_31178.html,17,21,て,助詞,接続助詞,,,,,て,テ,テ
46605_31178.html,17,22,行き,動詞,非自立,,,五段・カ行促音便,連用形,行く,イキ,イキ
46605_31178.html,17,23,まし,助動詞,,,,特殊・マス,連用形,ます,マシ,マシ
46605_31178.html,17,24,た,助動詞,,,,特殊・タ,基本形,た,タ,タ
46605_31178.html,17,25,。,記号,句点,,,,,。,。,。
46605_31178.html,18,1,『,記号,括弧開,,,,,『,『,『
46605_31178.html,18,2,クラムボン,名詞,一般,,,,,クラムボン,クラムボン,クラムボン
46605_31178.html,18,3,は,助詞,係助詞,,,,,は,ハ,ワ
46605_31178.html,18,4,死ん,動詞,自立,,,五段・ナ行,連用タ接続,死ぬ,シン,シン
46605_31178.html,18,5,だ,助動詞,,,,特殊・タ,基本形,だ,ダ,ダ
46605_31178.html,18,6,よ,助詞,終助詞,,,,,よ,ヨ,ヨ
46605_31178.html,18,7,。,記号,句点,,,,,。,。,。
46605_31178.html,18,8,』,記号,括弧閉,,,,,』,』,』
46605_31178.html,19,1,『,記号,括弧開,,,,,『,『,『
46605_31178.html,19,2,クラムボン,名詞,一般,,,,,クラムボン,クラムボン,クラムボン
46605_31178.html,19,3,は,助詞,係助詞,,,,,は,ハ,ワ
46605_31178.html,19,4,殺さ,動詞,自立,,,五段・サ行,未然形,殺す,コロサ,コロサ
46605_31178.html,19,5,れ,動詞,接尾,,,一段,連用形,れる,レ,レ
46605_31178.html,19,6,た,助動詞,,,,特殊・タ,基本形,た,タ,タ
46605_31178.html,19,7,よ,助詞,終助詞,,,,,よ,ヨ,ヨ
46605_31178.html,19,8,。,記号,句点,,,,,。,。,。
46605_31178.html,19,9,』,記号,括弧閉,,,,,』,』,』
46605_31178.html,20,1,『,記号,括弧開,,,,,『,『,『
46605_31178.html,20,2,クラムボン,名詞,一般,,,,,クラムボン,クラムボン,クラムボン
46605_31178.html,20,3,は,助詞,係助詞,,,,,は,ハ,ワ
46605_31178.html,20,4,死ん,動詞,自立,,,五段・ナ行,連用タ接続,死ぬ,シン,シン
46605_31178.html,20,5,で,助詞,接続助詞,,,,,で,デ,デ
46605_31178.html,20,6,しまっ,動詞,非自立,,,五段・ワ行促音便,連用タ接続,しまう,シマッ,シマッ
46605_31178.html,20,7,た,助動詞,,,,特殊・タ,基本形,た,タ,タ
46605_31178.html,20,8,よ,助詞,終助詞,,,,,よ,ヨ,ヨ
46605_31178.html,20,9,…,記号,一般,,,,,…,…,…
46605_31178.html,20,10,…,記号,一般,,,,,…,…,…
46605_31178.html,20,11,…,記号,一般,,,,,…,…,…
46605_31178.html,20,12,。,記号,句点,,,,,。,。,。
46605_31178.html,20,13,』,記号,括弧閉,,,,,』,』,』
46605_31178.html,21,1,『,記号,括弧開,,,,,『,『,『
46605_31178.html,21,2,殺さ,動詞,自立,,,五段・サ行,未然形,殺す,コロサ,コロサ
46605_31178.html,21,3,れ,動詞,接尾,,,一段,連用形,れる,レ,レ
46605_31178.html,21,4,た,助動詞,,,,特殊・タ,基本形,た,タ,タ
46605_31178.html,21,5,よ,助詞,終助詞,,,,,よ,ヨ,ヨ
46605_31178.html,21,6,。,記号,句点,,,,,。,。,。
46605_31178.html,21,7,』,記号,括弧閉,,,,,』,』,』
46605_31178.html,22,1,『,記号,括弧開,,,,,『,『,『
46605_31178.html,22,2,それなら,接続詞,,,,,,それなら,ソレナラ,ソレナラ
46605_31178.html,22,3,なぜ,副詞,助詞類接続,,,,,なぜ,ナゼ,ナゼ
46605_31178.html,22,4,殺さ,動詞,自立,,,五段・サ行,未然形,殺す,コロサ,コロサ
46605_31178.html,22,5,れ,動詞,接尾,,,一段,連用形,れる,レ,レ
46605_31178.html,22,6,た,助動詞,,,,特殊・タ,基本形,た,タ,タ
46605_31178.html,22,7,。,記号,句点,,,,,。,。,。
46605_31178.html,22,8,』,記号,括弧閉,,,,,』,』,』
46605_31178.html,22,9,兄さん,名詞,一般,,,,,兄さん,ニイサン,ニーサン
46605_31178.html,22,10,の,助詞,連体化,,,,,の,ノ,ノ
46605_31178.html,22,11,蟹,名詞,一般,,,,,蟹,カニ,カニ
46605_31178.html,22,12,は,助詞,係助詞,,,,,は,ハ,ワ
46605_31178.html,22,13,、,記号,読点,,,,,、,、,、
46605_31178.html,22,14,その,連体詞,,,,,,その,ソノ,ソノ
46605_31178.html,22,15,右側,名詞,一般,,,,,右側,ミギガワ,ミギガワ
46605_31178.html,22,16,の,助詞,連体化,,,,,の,ノ,ノ
46605_31178.html,22,17,四,名詞,数,,,,,四,ヨン,ヨン
46605_31178.html,22,18,本,名詞,接尾,助数詞,,,,本,ホン,ホン
46605_31178.html,22,19,の,助詞,連体化,,,,,の,ノ,ノ
46605_31178.html,22,20,脚,名詞,一般,,,,,脚,アシ,アシ
46605_31178.html,22,21,の,助詞,連体化,,,,,の,ノ,ノ
46605_31178.html,22,22,中,名詞,非自立,副詞可能,,,,中,ナカ,ナカ
46605_31178.html,22,23,の,助詞,連体化,,,,,の,ノ,ノ
46605_31178.html,22,24,二,名詞,数,,,,,二,ニ,ニ
46605_31178.html,22,25,本,名詞,接尾,助数詞,,,,本,ホン,ホン
46605_31178.html,22,26,を,助詞,格助詞,一般,,,,を,ヲ,ヲ
46605_31178.html,22,27,、,記号,読点,,,,,、,、,、
46605_31178.html,22,28,弟,名詞,一般,,,,,弟,オトウト,オトート
46605_31178.html,22,29,の,助詞,格助詞,一般,,,,の,ノ,ノ
46605_31178.html,22,30,平べったい,形容詞,自立,,,形容詞・アウオ段,基本形,平べったい,ヒラベッタイ,ヒラベッタイ
46605_31178.html,22,31,頭,名詞,一般,,,,,頭,アタマ,アタマ
46605_31178.html,22,32,に,助詞,格助詞,一般,,,,に,ニ,ニ
46605_31178.html,22,33,のせ,動詞,自立,,,一段,連用形,のせる,ノセ,ノセ
46605_31178.html,22,34,ながら,助詞,接続助詞,,,,,ながら,ナガラ,ナガラ
46605_31178.html,22,35,云い,動詞,自立,,,五段・ワ行促音便,連用形,云う,ユイ,ユイ
46605_31178.html,22,36,まし,助動詞,,,,特殊・マス,連用形,ます,マシ,マシ
46605_31178.html,22,37,た,助動詞,,,,特殊・タ,基本形,た,タ,タ
46605_31178.html,22,38,。,記号,句点,,,,,。,。,。
46605_31178.html,23,1,『,記号,括弧開,,,,,『,『,『
46605_31178.html,23,2,わから,動詞,自立,,,五段・ラ行,未然形,わかる,ワカラ,ワカラ
46605_31178.html,23,3,ない,助動詞,,,,特殊・ナイ,基本形,ない,ナイ,ナイ
46605_31178.html,23,4,。,記号,句点,,,,,。,。,。
46605_31178.html,23,5,』,記号,括弧閉,,,,,』,』,』
46605_31178.html,24,1,魚,名詞,一般,,,,,魚,サカナ,サカナ
46605_31178.html,24,2,が,助詞,格助詞,一般,,,,が,ガ,ガ
46605_31178.html,24,3,また,接続詞,,,,,,また,マタ,マタ
46605_31178.html,24,4,ツウ,名詞,一般,,,,,ツウ,ツウ,ツウ
46605_31178.html,24,5,と,助詞,格助詞,一般,,,,と,ト,ト
46605_31178.html,24,6,戻っ,動詞,自立,,,五段・ラ行,連用タ接続,戻る,モドッ,モドッ
46605_31178.html,24,7,て,助詞,接続助詞,,,,,て,テ,テ
46605_31178.html,24,8,下流,名詞,一般,,,,,下流,カリュウ,カリュー
46605_31178.html,24,9,の,助詞,連体化,,,,,の,ノ,ノ
46605_31178.html,24,10,ほう,名詞,非自立,一般,,,,ほう,ホウ,ホー
46605_31178.html,24,11,へ,助詞,格助詞,一般,,,,へ,ヘ,エ
46605_31178.html,24,12,行き,動詞,自立,,,五段・カ行促音便,連用形,行く,イキ,イキ
46605_31178.html,24,13,まし,助動詞,,,,特殊・マス,連用形,ます,マシ,マシ
46605_31178.html,24,14,た,助動詞,,,,特殊・タ,基本形,た,タ,タ
46605_31178.html,24,15,。,記号,句点,,,,,。,。,。
46605_31178.html,25,1,『,記号,括弧開,,,,,『,『,『
46605_31178.html,25,2,クラムボン,名詞,一般,,,,,クラムボン,クラムボン,クラムボン
46605_31178.html,25,3,は,助詞,係助詞,,,,,は,ハ,ワ
46605_31178.html,25,4,わらっ,動詞,自立,,,五段・ワ行促音便,連用タ接続,わらう,ワラッ,ワラッ
46605_31178.html,25,5,た,助動詞,,,,特殊・タ,基本形,た,タ,タ
46605_31178.html,25,6,よ,助詞,終助詞,,,,,よ,ヨ,ヨ
46605_31178.html,25,7,。,記号,句点,,,,,。,。,。
46605_31178.html,25,8,』,記号,括弧閉,,,,,』,』,』
46605_31178.html,26,1,『,記号,括弧開,,,,,『,『,『
46605_31178.html,26,2,わらっ,動詞,自立,,,五段・ワ行促音便,連用タ接続,わらう,ワラッ,ワラッ
46605_31178.html,26,3,た,助動詞,,,,特殊・タ,基本形,た,タ,タ
46605_31178.html,26,4,。,記号,句点,,,,,。,。,。
46605_31178.html,26,5,』,記号,括弧閉,,,,,』,』,』
46605_31178.html,27,1,にわかに,副詞,一般,,,,,にわかに,ニワカニ,ニワカニ
46605_31178.html,27,2,パッ,副詞,助詞類接続,,,,,パッ,パッ,パッ
46605_31178.html,27,3,と,助詞,副詞化,,,,,と,ト,ト
46605_31178.html,27,4,明るく,形容詞,自立,,,形容詞・アウオ段,連用テ接続,明るい,アカルク,アカルク
46605_31178.html,27,5,なり,動詞,自立,,,五段・ラ行,連用形,なる,ナリ,ナリ
46605_31178.html,27,6,、,記号,読点,,,,,、,、,、
46605_31178.html,27,7,日光,名詞,一般,,,,,日光,ニッコウ,ニッコー
46605_31178.html,27,8,の,助詞,連体化,,,,,の,ノ,ノ
46605_31178.html,27,9,黄金,名詞,一般,,,,,黄金,オウゴン,オーゴン
46605_31178.html,27,10,は,助詞,係助詞,,,,,は,ハ,ワ
46605_31178.html,27,11,夢,名詞,一般,,,,,夢,ユメ,ユメ
46605_31178.html,27,12,の,助詞,連体化,,,,,の,ノ,ノ
46605_31178.html,27,13,よう,名詞,非自立,助動詞語幹,,,,よう,ヨウ,ヨー
46605_31178.html,27,14,に,助詞,副詞化,,,,,に,ニ,ニ
46605_31178.html,27,15,水,名詞,一般,,,,,水,ミズ,ミズ
46605_31178.html,27,16,の,助詞,連体化,,,,,の,ノ,ノ
46605_31178.html,27,17,中,名詞,非自立,副詞可能,,,,中,ナカ,ナカ
46605_31178.html,27,18,に,助詞,格助詞,一般,,,,に,ニ,ニ
46605_31178.html,27,19,降っ,動詞,自立,,,五段・ラ行,連用タ接続,降る,フッ,フッ
46605_31178.html,27,20,て,助詞,接続助詞,,,,,て,テ,テ
46605_31178.html,27,21,来,動詞,非自立,,,カ変・来ル,連用形,来る,キ,キ
46605_31178.html,27,22,まし,助動詞,,,,特殊・マス,連用形,ます,マシ,マシ
46605_31178.html,27,23,た,助動詞,,,,特殊・タ,基本形,た,タ,タ
46605_31178.html,27,24,。,記号,句点,,,,,。,。,。
46605_31178.html,28,1,波,名詞,一般,,,,,波,ナミ,ナミ
46605_31178.html,28,2,から,助詞,格助詞,一般,,,,から,カラ,カラ
46605_31178.html,28,3,来る,動詞,自立,,,カ変・来ル,基本形,来る,クル,クル
46605_31178.html,28,4,光,名詞,一般,,,,,光,ヒカリ,ヒカリ
46605_31178.html,28,5,の,助詞,連体化,,,,,の,ノ,ノ
46605_31178.html,28,6,網,名詞,一般,,,,,網,アミ,アミ
46605_31178.html,28,7,が,助詞,格助詞,一般,,,,が,ガ,ガ
46605_31178.html,28,8,、,記号,読点,,,,,、,、,、
46605_31178.html,28,9,底,名詞,一般,,,,,底,ソコ,ソコ
46605_31178.html,28,10,の,助詞,格助詞,一般,,,,の,ノ,ノ
46605_31178.html,28,11,白い,形容詞,自立,,,形容詞・アウオ段,基本形,白い,シロイ,シロイ
46605_31178.html,28,12,磐,名詞,一般,,,,,磐,イワ,イワ
46605_31178.html,28,13,の,助詞,連体化,,,,,の,ノ,ノ
46605_31178.html,28,14,上,名詞,非自立,副詞可能,,,,上,ジョウ,ジョー
46605_31178.html,28,15,で,助詞,格助詞,一般,,,,で,デ,デ
46605_31178.html,28,16,美しく,形容詞,自立,,,形容詞・イ段,連用テ接続,美しい,ウツクシク,ウツクシク
46605_31178.html,28,17,ゆらゆら,副詞,一般,,,,,ゆらゆら,ユラユラ,ユラユラ
46605_31178.html,28,18,のび,動詞,自立,,,一段,連用形,のびる,ノビ,ノビ
46605_31178.html,28,19,たり,助詞,並立助詞,,,,,たり,タリ,タリ
46605_31178.html,28,20,ちぢん,動詞,自立,,,五段・マ行,連用タ接続,ちぢむ,チヂン,チジン
46605_31178.html,28,21,だり,助詞,並立助詞,,,,,だり,ダリ,ダリ
46605_31178.html,28,22,し,動詞,自立,,,サ変・スル,連用形,する,シ,シ
46605_31178.html,28,23,まし,助動詞,,,,特殊・マス,連用形,ます,マシ,マシ
46605_31178.html,28,24,た,助動詞,,,,特殊・タ,基本形,た,タ,タ
46605_31178.html,28,25,。,記号,句点,,,,,。,。,。
46605_31178.html,29,1,泡,名詞,一般,,,,,泡,アワ,アワ
46605_31178.html,29,2,や,助詞,並立助詞,,,,,や,ヤ,ヤ
46605_31178.html,29,3,小さな,連体詞,,,,,,小さな,チイサナ,チーサナ
46605_31178.html,29,4,ごみ,名詞,一般,,,,,ごみ,ゴミ,ゴミ
46605_31178.html,29,5,から,助詞,格助詞,一般,,,,から,カラ,カラ
46605_31178.html,29,6,は,助詞,係助詞,,,,,は,ハ,ワ
46605_31178.html,29,7,まっすぐ,名詞,形容動詞語幹,,,,,まっすぐ,マッスグ,マッスグ
46605_31178.html,29,8,な,助動詞,,,,特殊・ダ,体言接続,だ,ナ,ナ
46605_31178.html,29,9,影,名詞,一般,,,,,影,カゲ,カゲ
46605_31178.html,29,10,の,助詞,連体化,,,,,の,ノ,ノ
46605_31178.html,29,11,棒,名詞,一般,,,,,棒,ボウ,ボー
46605_31178.html,29,12,が,助詞,格助詞,一般,,,,が,ガ,ガ
46605_31178.html,29,13,、,記号,読点,,,,,、,、,、
46605_31178.html,29,14,斜め,名詞,形容動詞語幹,,,,,斜め,ナナメ,ナナメ
46605_31178.html,29,15,に,助詞,副詞化,,,,,に,ニ,ニ
46605_31178.html,29,16,水,名詞,一般,,,,,水,ミズ,ミズ
46605_31178.html,29,17,の,助詞,連体化,,,,,の,ノ,ノ
46605_31178.html,29,18,中,名詞,非自立,副詞可能,,,,中,ナカ,ナカ
46605_31178.html,29,19,に,助詞,格助詞,一般,,,,に,ニ,ニ
46605_31178.html,29,20,並ん,動詞,自立,,,五段・バ行,連用タ接続,並ぶ,ナラン,ナラン
46605_31178.html,29,21,で,助詞,接続助詞,,,,,で,デ,デ
46605_31178.html,29,22,立ち,動詞,自立,,,五段・タ行,連用形,立つ,タチ,タチ
46605_31178.html,29,23,まし,助動詞,,,,特殊・マス,連用形,ます,マシ,マシ
46605_31178.html,29,24,た,助動詞,,,,特殊・タ,基本形,た,タ,タ
46605_31178.html,29,25,。,記号,句点,,,,,。,。,。
46605_31178.html,30,1,魚,名詞,一般,,,,,魚,サカナ,サカナ
46605_31178.html,30,2,が,助詞,格助詞,一般,,,,が,ガ,ガ
46605_31178.html,30,3,こんど,名詞,副詞可能,,,,,こんど,コンド,コンド
46605_31178.html,30,4,は,助詞,係助詞,,,,,は,ハ,ワ
46605_31178.html,30,5,そこら,副詞,一般,,,,,そこら,ソコラ,ソコラ
46605_31178.html,30,6,中,名詞,非自立,副詞可能,,,,中,ナカ,ナカ
46605_31178.html,30,7,の,助詞,連体化,,,,,の,ノ,ノ
46605_31178.html,30,8,黄金,名詞,一般,,,,,黄金,オウゴン,オーゴン
46605_31178.html,30,9,の,助詞,連体化,,,,,の,ノ,ノ
46605_31178.html,30,10,光,名詞,一般,,,,,光,ヒカリ,ヒカリ
46605_31178.html,30,11,を,助詞,格助詞,一般,,,,を,ヲ,ヲ
46605_31178.html,30,12,まるっきり,副詞,一般,,,,,まるっきり,マルッキリ,マルッキリ
46605_31178.html,30,13,くちゃくちゃ,名詞,一般,,,,,くちゃくちゃ,クチャクチャ,クチャクチャ
46605_31178.html,30,14,に,助詞,格助詞,一般,,,,に,ニ,ニ
46605_31178.html,30,15,し,動詞,自立,,,サ変・スル,連用形,する,シ,シ
46605_31178.html,30,16,て,助詞,接続助詞,,,,,て,テ,テ
46605_31178.html,30,17,おまけ,名詞,サ変接続,,,,,おまけ,オマケ,オマケ
46605_31178.html,30,18,に,助詞,格助詞,一般,,,,に,ニ,ニ
46605_31178.html,30,19,自分,名詞,一般,,,,,自分,ジブン,ジブン
46605_31178.html,30,20,は,助詞,係助詞,,,,,は,ハ,ワ
46605_31178.html,30,21,鉄,名詞,一般,,,,,鉄,テツ,テツ
46605_31178.html,30,22,いろ,動詞,自立,,,一段,命令ｒｏ,いる,イロ,イロ
46605_31178.html,30,23,に,助詞,格助詞,一般,,,,に,ニ,ニ
46605_31178.html,30,24,変,名詞,形容動詞語幹,,,,,変,ヘン,ヘン
46605_31178.html,30,25,に,助詞,副詞化,,,,,に,ニ,ニ
46605_31178.html,30,26,底,名詞,一般,,,,,底,ソコ,ソコ
46605_31178.html,30,27,びかりして,名詞,一般,,,,,びかりして,びかりして,びかりして
46605_31178.html,30,28,、,記号,読点,,,,,、,、,、
46605_31178.html,30,29,又,副詞,助詞類接続,,,,,又,マタ,マタ
46605_31178.html,30,30,上流,名詞,一般,,,,,上流,ジョウリュウ,ジョーリュー
46605_31178.html,30,31,の,助詞,連体化,,,,,の,ノ,ノ
46605_31178.html,30,32,方,名詞,非自立,一般,,,,方,ホウ,ホー
46605_31178.html,30,33,へ,助詞,格助詞,一般,,,,へ,ヘ,エ
46605_31178.html,30,34,のぼり,動詞,自立,,,五段・ラ行,連用形,のぼる,ノボリ,ノボリ
46605_31178.html,30,35,まし,助動詞,,,,特殊・マス,連用形,ます,マシ,マシ
46605_31178.html,30,36,た,助動詞,,,,特殊・タ,基本形,た,タ,タ
46605_31178.html,30,37,。,記号,句点,,,,,。,。,。
46605_31178.html,31,1,『,記号,括弧開,,,,,『,『,『
46605_31178.html,31,2,お,接頭詞,名詞接続,,,,,お,オ,オ
46605_31178.html,31,3,魚,名詞,一般,,,,,魚,サカナ,サカナ
46605_31178.html,31,4,は,助詞,係助詞,,,,,は,ハ,ワ
46605_31178.html,31,5,なぜ,副詞,助詞類接続,,,,,なぜ,ナゼ,ナゼ
46605_31178.html,31,6,ああ,副詞,一般,,,,,ああ,アア,アア
46605_31178.html,31,7,行っ,動詞,自立,,,五段・カ行促音便,連用タ接続,行く,イッ,イッ
46605_31178.html,31,8,たり,助詞,並立助詞,,,,,たり,タリ,タリ
46605_31178.html,31,9,来,動詞,自立,,,カ変・来ル,連用形,来る,キ,キ
46605_31178.html,31,10,たり,助詞,並立助詞,,,,,たり,タリ,タリ
46605_31178.html,31,11,する,動詞,自立,,,サ変・スル,基本形,する,スル,スル
46605_31178.html,31,12,の,助詞,終助詞,,,,,の,ノ,ノ
46605_31178.html,31,13,。,記号,句点,,,,,。,。,。
46605_31178.html,31,14,』,記号,括弧閉,,,,,』,』,』
46605_31178.html,32,1,弟,名詞,一般,,,,,弟,オトウト,オトート
46605_31178.html,32,2,の,助詞,連体化,,,,,の,ノ,ノ
46605_31178.html,32,3,蟹,名詞,一般,,,,,蟹,カニ,カニ
46605_31178.html,32,4,が,助詞,格助詞,一般,,,,が,ガ,ガ
46605_31178.html,32,5,まぶし,形容詞,自立,,,形容詞・イ段,ガル接続,まぶしい,マブシ,マブシ
46605_31178.html,32,6,そう,名詞,接尾,助動詞語幹,,,,そう,ソウ,ソー
46605_31178.html,32,7,に,助詞,副詞化,,,,,に,ニ,ニ
46605_31178.html,32,8,眼,名詞,一般,,,,,眼,メ,メ
46605_31178.html,32,9,を,助詞,格助詞,一般,,,,を,ヲ,ヲ
46605_31178.html,32,10,動かし,動詞,自立,,,五段・サ行,連用形,動かす,ウゴカシ,ウゴカシ
46605_31178.html,32,11,ながら,助詞,接続助詞,,,,,ながら,ナガラ,ナガラ
46605_31178.html,32,12,たずね,動詞,自立,,,一段,連用形,たずねる,タズネ,タズネ
46605_31178.html,32,13,まし,助動詞,,,,特殊・マス,連用形,ます,マシ,マシ
46605_31178.html,32,14,た,助動詞,,,,特殊・タ,基本形,た,タ,タ
46605_31178.html,32,15,。,記号,句点,,,,,。,。,。
46605_31178.html,33,1,『,記号,括弧開,,,,,『,『,『
46605_31178.html,33,2,何,名詞,代名詞,一般,,,,何,ナニ,ナニ
46605_31178.html,33,3,か,助詞,副助詞／並立助詞／終助詞,,,,,か,カ,カ
46605_31178.html,33,4,悪い,形容詞,自立,,,形容詞・アウオ段,基本形,悪い,ワルイ,ワルイ
46605_31178.html,33,5,こと,名詞,非自立,一般,,,,こと,コト,コト
46605_31178.html,33,6,を,助詞,格助詞,一般,,,,を,ヲ,ヲ
46605_31178.html,33,7,し,動詞,自立,,,サ変・スル,連用形,する,シ,シ
46605_31178.html,33,8,てる,動詞,非自立,,,一段,基本形,てる,テル,テル
46605_31178.html,33,9,ん,名詞,非自立,一般,,,,ん,ン,ン
46605_31178.html,33,10,だ,助動詞,,,,特殊・ダ,基本形,だ,ダ,ダ
46605_31178.html,33,11,よ,助詞,終助詞,,,,,よ,ヨ,ヨ
46605_31178.html,33,12,とっ,動詞,自立,,,五段・ラ行,連用タ接続,とる,トッ,トッ
46605_31178.html,33,13,てる,動詞,非自立,,,一段,基本形,てる,テル,テル
46605_31178.html,33,14,ん,名詞,非自立,一般,,,,ん,ン,ン
46605_31178.html,33,15,だ,助動詞,,,,特殊・ダ,基本形,だ,ダ,ダ
46605_31178.html,33,16,よ,助詞,終助詞,,,,,よ,ヨ,ヨ
46605_31178.html,33,17,。,記号,句点,,,,,。,。,。
46605_31178.html,33,18,』,記号,括弧閉,,,,,』,』,』
46605_31178.html,34,1,『,記号,括弧開,,,,,『,『,『
46605_31178.html,34,2,とっ,動詞,自立,,,五段・ラ行,連用タ接続,とる,トッ,トッ
46605_31178.html,34,3,てる,動詞,非自立,,,一段,基本形,てる,テル,テル
46605_31178.html,34,4,の,助詞,終助詞,,,,,の,ノ,ノ
46605_31178.html,34,5,。,記号,句点,,,,,。,。,。
46605_31178.html,34,6,』,記号,括弧閉,,,,,』,』,』
46605_31178.html,35,1,『,記号,括弧開,,,,,『,『,『
46605_31178.html,35,2,うん,感動詞,,,,,,うん,ウン,ウン
46605_31178.html,35,3,。,記号,句点,,,,,。,。,。
46605_31178.html,35,4,』,記号,括弧閉,,,,,』,』,』
46605_31178.html,36,1,その,連体詞,,,,,,その,ソノ,ソノ
46605_31178.html,36,2,お,接頭詞,名詞接続,,,,,お,オ,オ
46605_31178.html,36,3,魚,名詞,一般,,,,,魚,サカナ,サカナ
46605_31178.html,36,4,が,助詞,格助詞,一般,,,,が,ガ,ガ
46605_31178.html,36,5,また,接続詞,,,,,,また,マタ,マタ
46605_31178.html,36,6,上流,名詞,一般,,,,,上流,ジョウリュウ,ジョーリュー
46605_31178.html,36,7,から,助詞,格助詞,一般,,,,から,カラ,カラ
46605_31178.html,36,8,戻っ,動詞,自立,,,五段・ラ行,連用タ接続,戻る,モドッ,モドッ
46605_31178.html,36,9,て,助詞,接続助詞,,,,,て,テ,テ
46605_31178.html,36,10,来,動詞,非自立,,,カ変・来ル,連用形,来る,キ,キ
46605_31178.html,36,11,まし,助動詞,,,,特殊・マス,連用形,ます,マシ,マシ
46605_31178.html,36,12,た,助動詞,,,,特殊・タ,基本形,た,タ,タ
46605_31178.html,36,13,。,記号,句点,,,,,。,。,。
46605_31178.html,37,1,今度,名詞,副詞可能,,,,,今度,コンド,コンド
46605_31178.html,37,2,は,助詞,係助詞,,,,,は,ハ,ワ
46605_31178.html,37,3,ゆっくり,副詞,助詞類接続,,,,,ゆっくり,ユックリ,ユックリ
46605_31178.html,37,4,落ちつい,動詞,自立,,,五段・カ行イ音便,連用タ接続,落ちつく,オチツイ,オチツイ
46605_31178.html,37,5,て,助詞,接続助詞,,,,,て,テ,テ
46605_31178.html,37,6,、,記号,読点,,,,,、,、,、
46605_31178.html,37,7,ひれ,名詞,一般,,,,,ひれ,ヒレ,ヒレ
46605_31178.html,37,8,も,助詞,係助詞,,,,,も,モ,モ
46605_31178.html,37,9,尾,名詞,一般,,,,,尾,オ,オ
46605_31178.html,37,10,も,助詞,係助詞,,,,,も,モ,モ
46605_31178.html,37,11,動かさ,動詞,自立,,,五段・サ行,未然形,動かす,ウゴカサ,ウゴカサ
46605_31178.html,37,12,ず,助動詞,,,,特殊・ヌ,連用ニ接続,ぬ,ズ,ズ
46605_31178.html,37,13,ただ,接続詞,,,,,,ただ,タダ,タダ
46605_31178.html,37,14,水,名詞,一般,,,,,水,ミズ,ミズ
46605_31178.html,37,15,に,助詞,格助詞,一般,,,,に,ニ,ニ
46605_31178.html,37,16,だけ,助詞,副助詞,,,,,だけ,ダケ,ダケ
46605_31178.html,37,17,流さ,動詞,自立,,,五段・サ行,未然形,流す,ナガサ,ナガサ
46605_31178.html,37,18,れ,動詞,接尾,,,一段,連用形,れる,レ,レ
46605_31178.html,37,19,ながら,助詞,接続助詞,,,,,ながら,ナガラ,ナガラ
46605_31178.html,37,20,お,接頭詞,名詞接続,,,,,お,オ,オ
46605_31178.html,37,21,口,名詞,一般,,,,,口,クチ,クチ
46605_31178.html,37,22,を,助詞,格助詞,一般,,,,を,ヲ,ヲ
46605_31178.html,37,23,環,名詞,一般,,,,,環,タマキ,タマキ
46605_31178.html,37,24,の,助詞,連体化,,,,,の,ノ,ノ
46605_31178.html,37,25,よう,名詞,非自立,助動詞語幹,,,,よう,ヨウ,ヨー
46605_31178.html,37,26,に,助詞,副詞化,,,,,に,ニ,ニ
46605_31178.html,37,27,円く,形容詞,自立,,,形容詞・アウオ段,連用テ接続,円い,マルク,マルク
46605_31178.html,37,28,し,動詞,自立,,,サ変・スル,連用形,する,シ,シ
46605_31178.html,37,29,て,助詞,接続助詞,,,,,て,テ,テ
46605_31178.html,37,30,やって来,動詞,自立,,,カ変・来ル,連用形,やって来る,ヤッテキ,ヤッテキ
46605_31178.html,37,31,まし,助動詞,,,,特殊・マス,連用形,ます,マシ,マシ
46605_31178.html,37,32,た,助動詞,,,,特殊・タ,基本形,た,タ,タ
46605_31178.html,37,33,。,記号,句点,,,,,。,。,。
46605_31178.html,38,1,その,連体詞,,,,,,その,ソノ,ソノ
46605_31178.html,38,2,影,名詞,一般,,,,,影,カゲ,カゲ
46605_31178.html,38,3,は,助詞,係助詞,,,,,は,ハ,ワ
46605_31178.html,38,4,黒く,形容詞,自立,,,形容詞・アウオ段,連用テ接続,黒い,クロク,クロク
46605_31178.html,38,5,しずか,名詞,形容動詞語幹,,,,,しずか,シズカ,シズカ
46605_31178.html,38,6,に,助詞,副詞化,,,,,に,ニ,ニ
46605_31178.html,38,7,底,名詞,一般,,,,,底,ソコ,ソコ
46605_31178.html,38,8,の,助詞,連体化,,,,,の,ノ,ノ
46605_31178.html,38,9,光,名詞,一般,,,,,光,ヒカリ,ヒカリ
46605_31178.html,38,10,の,助詞,連体化,,,,,の,ノ,ノ
46605_31178.html,38,11,網,名詞,一般,,,,,網,アミ,アミ
46605_31178.html,38,12,の,助詞,連体化,,,,,の,ノ,ノ
46605_31178.html,38,13,上,名詞,一般,,,,,上,ウエ,ウエ
46605_31178.html,38,14,を,助詞,格助詞,一般,,,,を,ヲ,ヲ
46605_31178.html,38,15,すべり,動詞,自立,,,五段・ラ行,連用形,すべる,スベリ,スベリ
46605_31178.html,38,16,まし,助動詞,,,,特殊・マス,連用形,ます,マシ,マシ
46605_31178.html,38,17,た,助動詞,,,,特殊・タ,基本形,た,タ,タ
46605_31178.html,38,18,。,記号,句点,,,,,。,。,。
46605_31178.html,39,1,『,記号,括弧開,,,,,『,『,『
46605_31178.html,39,2,お,接頭詞,名詞接続,,,,,お,オ,オ
46605_31178.html,39,3,魚,名詞,一般,,,,,魚,サカナ,サカナ
46605_31178.html,39,4,は,助詞,係助詞,,,,,は,ハ,ワ
46605_31178.html,39,5,…,記号,一般,,,,,…,…,…
46605_31178.html,39,6,…,記号,一般,,,,,…,…,…
46605_31178.html,39,7,。,記号,句点,,,,,。,。,。
46605_31178.html,39,8,』,記号,括弧閉,,,,,』,』,』
46605_31178.html,40,1,その,連体詞,,,,,,その,ソノ,ソノ
46605_31178.html,40,2,時,名詞,非自立,副詞可能,,,,時,トキ,トキ
46605_31178.html,40,3,です,助動詞,,,,特殊・デス,基本形,です,デス,デス
46605_31178.html,40,4,。,記号,句点,,,,,。,。,。
46605_31178.html,41,1,俄,名詞,形容動詞語幹,,,,,俄,ニワカ,ニワカ
46605_31178.html,41,2,に,助詞,副詞化,,,,,に,ニ,ニ
46605_31178.html,41,3,天井,名詞,一般,,,,,天井,テンジョウ,テンジョー
46605_31178.html,41,4,に,助詞,格助詞,一般,,,,に,ニ,ニ
46605_31178.html,41,5,白い,形容詞,自立,,,形容詞・アウオ段,基本形,白い,シロイ,シロイ
46605_31178.html,41,6,泡,名詞,一般,,,,,泡,アワ,アワ
46605_31178.html,41,7,が,助詞,格助詞,一般,,,,が,ガ,ガ
46605_31178.html,41,8,たっ,動詞,自立,,,五段・タ行,連用タ接続,たつ,タッ,タッ
46605_31178.html,41,9,て,助詞,接続助詞,,,,,て,テ,テ
46605_31178.html,41,10,、,記号,読点,,,,,、,、,、
46605_31178.html,41,11,青,接頭詞,名詞接続,,,,,青,アオ,アオ
46605_31178.html,41,12,びかりのまるでぎらぎらする,名詞,一般,,,,,びかりのまるでぎらぎらする,びかりのまるでぎらぎらする,びかりのまるでぎらぎらする
46605_31178.html,41,13,鉄砲,名詞,一般,,,,,鉄砲,テッポウ,テッポー
46605_31178.html,41,14,弾,名詞,接尾,一般,,,,弾,ダン,ダン
46605_31178.html,41,15,の,助詞,連体化,,,,,の,ノ,ノ
46605_31178.html,41,16,よう,名詞,非自立,助動詞語幹,,,,よう,ヨウ,ヨー
46605_31178.html,41,17,な,助動詞,,,,特殊・ダ,体言接続,だ,ナ,ナ
46605_31178.html,41,18,もの,名詞,非自立,一般,,,,もの,モノ,モノ
46605_31178.html,41,19,が,助詞,格助詞,一般,,,,が,ガ,ガ
46605_31178.html,41,20,、,記号,読点,,,,,、,、,、
46605_31178.html,41,21,いきなり,副詞,助詞類接続,,,,,いきなり,イキナリ,イキナリ
46605_31178.html,41,22,飛込ん,動詞,自立,,,五段・マ行,連用タ接続,飛込む,トビコン,トビコン
46605_31178.html,41,23,で,助詞,接続助詞,,,,,で,デ,デ
46605_31178.html,41,24,来,動詞,非自立,,,カ変・来ル,連用形,来る,キ,キ
46605_31178.html,41,25,まし,助動詞,,,,特殊・マス,連用形,ます,マシ,マシ
46605_31178.html,41,26,た,助動詞,,,,特殊・タ,基本形,た,タ,タ
46605_31178.html,41,27,。,記号,句点,,,,,。,。,。
46605_31178.html,42,1,兄さん,名詞,一般,,,,,兄さん,ニイサン,ニーサン
46605_31178.html,42,2,の,助詞,連体化,,,,,の,ノ,ノ
46605_31178.html,42,3,蟹,名詞,一般,,,,,蟹,カニ,カニ
46605_31178.html,42,4,は,助詞,係助詞,,,,,は,ハ,ワ
46605_31178.html,42,5,はっきり,副詞,助詞類接続,,,,,はっきり,ハッキリ,ハッキリ
46605_31178.html,42,6,と,助詞,副詞化,,,,,と,ト,ト
46605_31178.html,42,7,その,連体詞,,,,,,その,ソノ,ソノ
46605_31178.html,42,8,青い,形容詞,自立,,,形容詞・アウオ段,基本形,青い,アオイ,アオイ
46605_31178.html,42,9,もの,名詞,非自立,一般,,,,もの,モノ,モノ
46605_31178.html,42,10,の,助詞,連体化,,,,,の,ノ,ノ
46605_31178.html,42,11,さき,名詞,一般,,,,,さき,サキ,サキ
46605_31178.html,42,12,が,助詞,格助詞,一般,,,,が,ガ,ガ
46605_31178.html,42,13,コンパス,名詞,一般,,,,,コンパス,コンパス,コンパス
46605_31178.html,42,14,の,助詞,連体化,,,,,の,ノ,ノ
46605_31178.html,42,15,よう,名詞,非自立,助動詞語幹,,,,よう,ヨウ,ヨー
46605_31178.html,42,16,に,助詞,副詞化,,,,,に,ニ,ニ
46605_31178.html,42,17,黒く,形容詞,自立,,,形容詞・アウオ段,連用テ接続,黒い,クロク,クロク
46605_31178.html,42,18,尖っ,動詞,自立,,,五段・ラ行,連用タ接続,尖る,トガッ,トガッ
46605_31178.html,42,19,て,助詞,接続助詞,,,,,て,テ,テ
46605_31178.html,42,20,いる,動詞,非自立,,,一段,基本形,いる,イル,イル
46605_31178.html,42,21,の,名詞,非自立,一般,,,,の,ノ,ノ
46605_31178.html,42,22,も,助詞,係助詞,,,,,も,モ,モ
46605_31178.html,42,23,見,動詞,自立,,,一段,連用形,見る,ミ,ミ
46605_31178.html,42,24,まし,助動詞,,,,特殊・マス,連用形,ます,マシ,マシ
46605_31178.html,42,25,た,助動詞,,,,特殊・タ,基本形,た,タ,タ
46605_31178.html,42,26,。,記号,句点,,,,,。,。,。
46605_31178.html,43,1,と,助詞,格助詞,引用,,,,と,ト,ト
46605_31178.html,43,2,思う,動詞,自立,,,五段・ワ行促音便,基本形,思う,オモウ,オモウ
46605_31178.html,43,3,うち,名詞,非自立,副詞可能,,,,うち,ウチ,ウチ
46605_31178.html,43,4,に,助詞,格助詞,一般,,,,に,ニ,ニ
46605_31178.html,43,5,、,記号,読点,,,,,、,、,、
46605_31178.html,43,6,魚,名詞,一般,,,,,魚,サカナ,サカナ
46605_31178.html,43,7,の,助詞,格助詞,一般,,,,の,ノ,ノ
46605_31178.html,43,8,白い,形容詞,自立,,,形容詞・アウオ段,基本形,白い,シロイ,シロイ
46605_31178.html,43,9,腹,名詞,一般,,,,,腹,ハラ,ハラ
46605_31178.html,43,10,が,助詞,格助詞,一般,,,,が,ガ,ガ
46605_31178.html,43,11,ぎ,名詞,一般,,,,,ぎ,ギ,ギ
46605_31178.html,43,12,ら,名詞,接尾,一般,,,,ら,ラ,ラ
46605_31178.html,43,13,っと,助詞,格助詞,引用,,,,っと,ット,ット
46605_31178.html,43,14,光っ,動詞,自立,,,五段・ラ行,連用タ接続,光る,ヒカッ,ヒカッ
46605_31178.html,43,15,て,助詞,接続助詞,,,,,て,テ,テ
46605_31178.html,43,16,一,名詞,数,,,,,一,イチ,イチ
46605_31178.html,43,17,ぺん,名詞,接尾,助数詞,,,,ぺん,ペン,ペン
46605_31178.html,43,18,ひるがえり,動詞,自立,,,五段・ラ行,連用形,ひるがえる,ヒルガエリ,ヒルガエリ
46605_31178.html,43,19,、,記号,読点,,,,,、,、,、
46605_31178.html,43,20,上,名詞,一般,,,,,上,ウエ,ウエ
46605_31178.html,43,21,の,助詞,連体化,,,,,の,ノ,ノ
46605_31178.html,43,22,方,名詞,非自立,一般,,,,方,ホウ,ホー
46605_31178.html,43,23,へ,助詞,格助詞,一般,,,,へ,ヘ,エ
46605_31178.html,43,24,のぼっ,動詞,自立,,,五段・ラ行,連用タ接続,のぼる,ノボッ,ノボッ
46605_31178.html,43,25,た,助動詞,,,,特殊・タ,基本形,た,タ,タ
46605_31178.html,43,26,よう,名詞,非自立,助動詞語幹,,,,よう,ヨウ,ヨー
46605_31178.html,43,27,でし,助動詞,,,,特殊・デス,連用形,です,デシ,デシ
46605_31178.html,43,28,た,助動詞,,,,特殊・タ,基本形,た,タ,タ
46605_31178.html,43,29,が,助詞,接続助詞,,,,,が,ガ,ガ
46605_31178.html,43,30,、,記号,読点,,,,,、,、,、
46605_31178.html,43,31,それ,名詞,代名詞,一般,,,,それ,ソレ,ソレ
46605_31178.html,43,32,っきり,名詞,接尾,副詞可能,,,,っきり,ッキリ,ッキリ
46605_31178.html,43,33,もう,副詞,一般,,,,,もう,モウ,モー
46605_31178.html,43,34,青い,形容詞,自立,,,形容詞・アウオ段,基本形,青い,アオイ,アオイ
46605_31178.html,43,35,もの,名詞,非自立,一般,,,,もの,モノ,モノ
46605_31178.html,43,36,も,助詞,係助詞,,,,,も,モ,モ
46605_31178.html,43,37,魚,名詞,一般,,,,,魚,サカナ,サカナ
46605_31178.html,43,38,の,助詞,連体化,,,,,の,ノ,ノ
46605_31178.html,43,39,かたち,名詞,一般,,,,,かたち,カタチ,カタチ
46605_31178.html,43,40,も,助詞,係助詞,,,,,も,モ,モ
46605_31178.html,43,41,見え,動詞,自立,,,一段,未然形,見える,ミエ,ミエ
46605_31178.html,43,42,ず,助動詞,,,,特殊・ヌ,連用ニ接続,ぬ,ズ,ズ
46605_31178.html,43,43,光,名詞,一般,,,,,光,ヒカリ,ヒカリ
46605_31178.html,43,44,の,助詞,連体化,,,,,の,ノ,ノ
46605_31178.html,43,45,黄金,名詞,一般,,,,,黄金,オウゴン,オーゴン
46605_31178.html,43,46,の,助詞,連体化,,,,,の,ノ,ノ
46605_31178.html,43,47,網,名詞,一般,,,,,網,アミ,アミ
46605_31178.html,43,48,は,助詞,係助詞,,,,,は,ハ,ワ
46605_31178.html,43,49,ゆらゆら,副詞,一般,,,,,ゆらゆら,ユラユラ,ユラユラ
46605_31178.html,43,50,ゆれ,動詞,自立,,,一段,連用形,ゆれる,ユレ,ユレ
46605_31178.html,43,51,、,記号,読点,,,,,、,、,、
46605_31178.html,43,52,泡,名詞,一般,,,,,泡,アワ,アワ
46605_31178.html,43,53,は,助詞,係助詞,,,,,は,ハ,ワ
46605_31178.html,43,54,つぶつぶ,名詞,一般,,,,,つぶつぶ,ツブツブ,ツブツブ
46605_31178.html,43,55,流れ,動詞,自立,,,一段,連用形,流れる,ナガレ,ナガレ
46605_31178.html,43,56,まし,助動詞,,,,特殊・マス,連用形,ます,マシ,マシ
46605_31178.html,43,57,た,助動詞,,,,特殊・タ,基本形,た,タ,タ
46605_31178.html,43,58,。,記号,句点,,,,,。,。,。
46605_31178.html,44,1,二,名詞,数,,,,,二,ニ,ニ
46605_31178.html,44,2,疋,名詞,一般,,,,,疋,疋,疋
46605_31178.html,44,3,は,助詞,係助詞,,,,,は,ハ,ワ
46605_31178.html,44,4,まるで,副詞,一般,,,,,まるで,マルデ,マルデ
46605_31178.html,44,5,声,名詞,一般,,,,,声,コエ,コエ
46605_31178.html,44,6,も,助詞,係助詞,,,,,も,モ,モ
46605_31178.html,44,7,出,動詞,自立,,,一段,未然形,出る,デ,デ
46605_31178.html,44,8,ず,助動詞,,,,特殊・ヌ,連用ニ接続,ぬ,ズ,ズ
46605_31178.html,44,9,居すくまっ,動詞,自立,,,五段・ラ行,連用タ接続,居すくまる,イスクマッ,イスクマッ
46605_31178.html,44,10,て,助詞,接続助詞,,,,,て,テ,テ
46605_31178.html,44,11,しまい,動詞,非自立,,,五段・ワ行促音便,連用形,しまう,シマイ,シマイ
46605_31178.html,44,12,まし,助動詞,,,,特殊・マス,連用形,ます,マシ,マシ
46605_31178.html,44,13,た,助動詞,,,,特殊・タ,基本形,た,タ,タ
46605_31178.html,44,14,。,記号,句点,,,,,。,。,。
46605_31178.html,45,1,お父さん,名詞,一般,,,,,お父さん,オトウサン,オトーサン
46605_31178.html,45,2,の,助詞,連体化,,,,,の,ノ,ノ
46605_31178.html,45,3,蟹,名詞,一般,,,,,蟹,カニ,カニ
46605_31178.html,45,4,が,助詞,格助詞,一般,,,,が,ガ,ガ
46605_31178.html,45,5,出,動詞,自立,,,一段,連用形,出る,デ,デ
46605_31178.html,45,6,て,助詞,接続助詞,,,,,て,テ,テ
46605_31178.html,45,7,来,動詞,非自立,,,カ変・来ル,連用形,来る,キ,キ
46605_31178.html,45,8,まし,助動詞,,,,特殊・マス,連用形,ます,マシ,マシ
46605_31178.html,45,9,た,助動詞,,,,特殊・タ,基本形,た,タ,タ
46605_31178.html,45,10,。,記号,句点,,,,,。,。,。
46605_31178.html,46,1,『,記号,括弧開,,,,,『,『,『
46605_31178.html,46,2,どう,副詞,助詞類接続,,,,,どう,ドウ,ドー
46605_31178.html,46,3,し,動詞,自立,,,サ変・スル,連用形,する,シ,シ
46605_31178.html,46,4,たい,助動詞,,,,特殊・タイ,基本形,たい,タイ,タイ
46605_31178.html,46,5,。,記号,句点,,,,,。,。,。
46605_31178.html,47,1,ぶるぶる,副詞,一般,,,,,ぶるぶる,ブルブル,ブルブル
46605_31178.html,47,2,ふるえ,動詞,自立,,,一段,連用形,ふるえる,フルエ,フルエ
46605_31178.html,47,3,て,助詞,接続助詞,,,,,て,テ,テ
46605_31178.html,47,4,いる,動詞,非自立,,,一段,基本形,いる,イル,イル
46605_31178.html,47,5,じゃ,助詞,副助詞,,,,,じゃ,ジャ,ジャ
46605_31178.html,47,6,ない,助動詞,,,,特殊・ナイ,基本形,ない,ナイ,ナイ
46605_31178.html,47,7,か,助詞,副助詞／並立助詞／終助詞,,,,,か,カ,カ
46605_31178.html,47,8,。,記号,句点,,,,,。,。,。
46605_31178.html,47,9,』,記号,括弧閉,,,,,』,』,』
46605_31178.html,48,1,『,記号,括弧開,,,,,『,『,『
46605_31178.html,48,2,お父さん,名詞,一般,,,,,お父さん,オトウサン,オトーサン
46605_31178.html,48,3,、,記号,読点,,,,,、,、,、
46605_31178.html,48,4,いま,名詞,副詞可能,,,,,いま,イマ,イマ
46605_31178.html,48,5,おかしな,連体詞,,,,,,おかしな,オカシナ,オカシナ
46605_31178.html,48,6,もの,名詞,非自立,一般,,,,もの,モノ,モノ
46605_31178.html,48,7,が,助詞,格助詞,一般,,,,が,ガ,ガ
46605_31178.html,48,8,来,動詞,自立,,,カ変・来ル,連用形,来る,キ,キ
46605_31178.html,48,9,た,助動詞,,,,特殊・タ,基本形,た,タ,タ
46605_31178.html,48,10,よ,助詞,終助詞,,,,,よ,ヨ,ヨ
46605_31178.html,48,11,。,記号,句点,,,,,。,。,。
46605_31178.html,48,12,』,記号,括弧閉,,,,,』,』,』
46605_31178.html,49,1,『,記号,括弧開,,,,,『,『,『
46605_31178.html,49,2,どんな,連体詞,,,,,,どんな,ドンナ,ドンナ
46605_31178.html,49,3,もん,名詞,非自立,一般,,,,もん,モン,モン
46605_31178.html,49,4,だ,助動詞,,,,特殊・ダ,基本形,だ,ダ,ダ
46605_31178.html,49,5,。,記号,句点,,,,,。,。,。
46605_31178.html,49,6,』,記号,括弧閉,,,,,』,』,』
46605_31178.html,50,1,『,記号,括弧開,,,,,『,『,『
46605_31178.html,50,2,青く,形容詞,自立,,,形容詞・アウオ段,連用テ接続,青い,アオク,アオク
46605_31178.html,50,3,て,助詞,接続助詞,,,,,て,テ,テ
46605_31178.html,50,4,ね,助詞,終助詞,,,,,ね,ネ,ネ
46605_31178.html,50,5,、,記号,読点,,,,,、,、,、
46605_31178.html,50,6,光る,動詞,自立,,,五段・ラ行,基本形,光る,ヒカル,ヒカル
46605_31178.html,50,7,ん,名詞,非自立,一般,,,,ん,ン,ン
46605_31178.html,50,8,だ,助動詞,,,,特殊・ダ,基本形,だ,ダ,ダ
46605_31178.html,50,9,よ,助詞,終助詞,,,,,よ,ヨ,ヨ
46605_31178.html,50,10,。,記号,句点,,,,,。,。,。
46605_31178.html,51,1,はじ,名詞,一般,,,,,はじ,ハジ,ハジ
46605_31178.html,51,2,が,助詞,格助詞,一般,,,,が,ガ,ガ
46605_31178.html,51,3,こんなに,副詞,一般,,,,,こんなに,コンナニ,コンナニ
46605_31178.html,51,4,黒く,形容詞,自立,,,形容詞・アウオ段,連用テ接続,黒い,クロク,クロク
46605_31178.html,51,5,尖っ,動詞,自立,,,五段・ラ行,連用タ接続,尖る,トガッ,トガッ
46605_31178.html,51,6,てる,動詞,非自立,,,一段,基本形,てる,テル,テル
46605_31178.html,51,7,の,助詞,終助詞,,,,,の,ノ,ノ
46605_31178.html,51,8,。,記号,句点,,,,,。,。,。
46605_31178.html,52,1,それ,名詞,代名詞,一般,,,,それ,ソレ,ソレ
46605_31178.html,52,2,が,助詞,格助詞,一般,,,,が,ガ,ガ
46605_31178.html,52,3,来,動詞,自立,,,カ変・来ル,連用形,来る,キ,キ
46605_31178.html,52,4,たら,助動詞,,,,特殊・タ,仮定形,た,タラ,タラ
46605_31178.html,52,5,お,接頭詞,名詞接続,,,,,お,オ,オ
46605_31178.html,52,6,魚,名詞,一般,,,,,魚,サカナ,サカナ
46605_31178.html,52,7,が,助詞,格助詞,一般,,,,が,ガ,ガ
46605_31178.html,52,8,上,名詞,一般,,,,,上,ウエ,ウエ
46605_31178.html,52,9,へ,助詞,格助詞,一般,,,,へ,ヘ,エ
46605_31178.html,52,10,のぼっ,動詞,自立,,,五段・ラ行,連用タ接続,のぼる,ノボッ,ノボッ
46605_31178.html,52,11,て,助詞,接続助詞,,,,,て,テ,テ
46605_31178.html,52,12,行っ,動詞,非自立,,,五段・カ行促音便,連用タ接続,行く,イッ,イッ
46605_31178.html,52,13,た,助動詞,,,,特殊・タ,基本形,た,タ,タ
46605_31178.html,52,14,よ,助詞,終助詞,,,,,よ,ヨ,ヨ
46605_31178.html,52,15,。,記号,句点,,,,,。,。,。
46605_31178.html,52,16,』,記号,括弧閉,,,,,』,』,』
46605_31178.html,53,1,『,記号,括弧開,,,,,『,『,『
46605_31178.html,53,2,そいつ,名詞,一般,,,,,そいつ,ソイツ,ソイツ
46605_31178.html,53,3,の,助詞,連体化,,,,,の,ノ,ノ
46605_31178.html,53,4,眼,名詞,一般,,,,,眼,メ,メ
46605_31178.html,53,5,が,助詞,格助詞,一般,,,,が,ガ,ガ
46605_31178.html,53,6,赤かっ,形容詞,自立,,,形容詞・アウオ段,連用タ接続,赤い,アカカッ,アカカッ
46605_31178.html,53,7,た,助動詞,,,,特殊・タ,基本形,た,タ,タ
46605_31178.html,53,8,かい,助詞,終助詞,,,,,かい,カイ,カイ
46605_31178.html,53,9,。,記号,句点,,,,,。,。,。
46605_31178.html,53,10,』,記号,括弧閉,,,,,』,』,』
46605_31178.html,54,1,『,記号,括弧開,,,,,『,『,『
46605_31178.html,54,2,わから,動詞,自立,,,五段・ラ行,未然形,わかる,ワカラ,ワカラ
46605_31178.html,54,3,ない,助動詞,,,,特殊・ナイ,基本形,ない,ナイ,ナイ
46605_31178.html,54,4,。,記号,句点,,,,,。,。,。
46605_31178.html,54,5,』,記号,括弧閉,,,,,』,』,』
46605_31178.html,55,1,『,記号,括弧開,,,,,『,『,『
46605_31178.html,55,2,ふうん,感動詞,,,,,,ふうん,フウン,フーン
46605_31178.html,55,3,。,記号,句点,,,,,。,。,。
46605_31178.html,56,1,しかし,接続詞,,,,,,しかし,シカシ,シカシ
46605_31178.html,56,2,、,記号,読点,,,,,、,、,、
46605_31178.html,56,3,そいつ,名詞,一般,,,,,そいつ,ソイツ,ソイツ
46605_31178.html,56,4,は,助詞,係助詞,,,,,は,ハ,ワ
46605_31178.html,56,5,鳥,名詞,一般,,,,,鳥,トリ,トリ
46605_31178.html,56,6,だ,助動詞,,,,特殊・ダ,基本形,だ,ダ,ダ
46605_31178.html,56,7,よ,助詞,終助詞,,,,,よ,ヨ,ヨ
46605_31178.html,56,8,。,記号,句点,,,,,。,。,。
46605_31178.html,57,1,かわせみ,名詞,一般,,,,,かわせみ,カワセミ,カワセミ
46605_31178.html,57,2,と,助詞,格助詞,引用,,,,と,ト,ト
46605_31178.html,57,3,云う,動詞,自立,,,五段・ワ行促音便,基本形,云う,イウ,イウ
46605_31178.html,57,4,ん,名詞,非自立,一般,,,,ん,ン,ン
46605_31178.html,57,5,だ,助動詞,,,,特殊・ダ,基本形,だ,ダ,ダ
46605_31178.html,57,6,。,記号,句点,,,,,。,。,。
46605_31178.html,58,1,大丈夫,名詞,形容動詞語幹,,,,,大丈夫,ダイジョウブ,ダイジョーブ
46605_31178.html,58,2,だ,助動詞,,,,特殊・ダ,基本形,だ,ダ,ダ
46605_31178.html,58,3,、,記号,読点,,,,,、,、,、
46605_31178.html,58,4,安心,名詞,サ変接続,,,,,安心,アンシン,アンシン
46605_31178.html,58,5,しろ,動詞,自立,,,サ変・スル,命令ｒｏ,する,シロ,シロ
46605_31178.html,58,6,。,記号,句点,,,,,。,。,。
46605_31178.html,59,1,おれ,名詞,代名詞,一般,,,,おれ,オレ,オレ
46605_31178.html,59,2,たち,名詞,接尾,一般,,,,たち,タチ,タチ
46605_31178.html,59,3,は,助詞,係助詞,,,,,は,ハ,ワ
46605_31178.html,59,4,かまわ,動詞,自立,,,五段・ワ行促音便,未然形,かまう,カマワ,カマワ
46605_31178.html,59,5,ない,助動詞,,,,特殊・ナイ,基本形,ない,ナイ,ナイ
46605_31178.html,59,6,ん,名詞,非自立,一般,,,,ん,ン,ン
46605_31178.html,59,7,だ,助動詞,,,,特殊・ダ,基本形,だ,ダ,ダ
46605_31178.html,59,8,から,助詞,接続助詞,,,,,から,カラ,カラ
46605_31178.html,59,9,。,記号,句点,,,,,。,。,。
46605_31178.html,59,10,』,記号,括弧閉,,,,,』,』,』
46605_31178.html,60,1,『,記号,括弧開,,,,,『,『,『
46605_31178.html,60,2,お父さん,名詞,一般,,,,,お父さん,オトウサン,オトーサン
46605_31178.html,60,3,、,記号,読点,,,,,、,、,、
46605_31178.html,60,4,お,接頭詞,名詞接続,,,,,お,オ,オ
46605_31178.html,60,5,魚,名詞,一般,,,,,魚,サカナ,サカナ
46605_31178.html,60,6,は,助詞,係助詞,,,,,は,ハ,ワ
46605_31178.html,60,7,どこ,名詞,代名詞,一般,,,,どこ,ドコ,ドコ
46605_31178.html,60,8,へ,助詞,格助詞,一般,,,,へ,ヘ,エ
46605_31178.html,60,9,行っ,動詞,自立,,,五段・カ行促音便,連用タ接続,行く,イッ,イッ
46605_31178.html,60,10,た,助動詞,,,,特殊・タ,基本形,た,タ,タ
46605_31178.html,60,11,の,助詞,終助詞,,,,,の,ノ,ノ
46605_31178.html,60,12,。,記号,句点,,,,,。,。,。
46605_31178.html,60,13,』,記号,括弧閉,,,,,』,』,』
46605_31178.html,61,1,『,記号,括弧開,,,,,『,『,『
46605_31178.html,61,2,魚かい,名詞,一般,,,,,魚かい,ギョカイ,ギョカイ
46605_31178.html,61,3,。,記号,句点,,,,,。,。,。
46605_31178.html,62,1,魚,名詞,一般,,,,,魚,サカナ,サカナ
46605_31178.html,62,2,は,助詞,係助詞,,,,,は,ハ,ワ
46605_31178.html,62,3,こわい,形容詞,自立,,,形容詞・アウオ段,基本形,こわい,コワイ,コワイ
46605_31178.html,62,4,所,名詞,非自立,副詞可能,,,,所,トコロ,トコロ
46605_31178.html,62,5,へ,助詞,格助詞,一般,,,,へ,ヘ,エ
46605_31178.html,62,6,行っ,動詞,自立,,,五段・カ行促音便,連用タ接続,行く,イッ,イッ
46605_31178.html,62,7,た,助動詞,,,,特殊・タ,基本形,た,タ,タ
46605_31178.html,62,8,』,記号,括弧閉,,,,,』,』,』
46605_31178.html,63,1,『,記号,括弧開,,,,,『,『,『
46605_31178.html,63,2,こわい,形容詞,自立,,,形容詞・アウオ段,基本形,こわい,コワイ,コワイ
46605_31178.html,63,3,よ,助詞,終助詞,,,,,よ,ヨ,ヨ
46605_31178.html,63,4,、,記号,読点,,,,,、,、,、
46605_31178.html,63,5,お父さん,名詞,一般,,,,,お父さん,オトウサン,オトーサン
46605_31178.html,63,6,。,記号,句点,,,,,。,。,。
46605_31178.html,63,7,』,記号,括弧閉,,,,,』,』,』
46605_31178.html,64,1,『,記号,括弧開,,,,,『,『,『
46605_31178.html,64,2,いい,動詞,自立,,,五段・ワ行促音便,連用形,いう,イイ,イイ
46605_31178.html,64,3,いい,動詞,自立,,,五段・ワ行促音便,連用形,いう,イイ,イイ
46605_31178.html,64,4,、,記号,読点,,,,,、,、,、
46605_31178.html,64,5,大丈夫,名詞,形容動詞語幹,,,,,大丈夫,ダイジョウブ,ダイジョーブ
46605_31178.html,64,6,だ,助動詞,,,,特殊・ダ,基本形,だ,ダ,ダ
46605_31178.html,64,7,。,記号,句点,,,,,。,。,。
46605_31178.html,65,1,心配,名詞,サ変接続,,,,,心配,シンパイ,シンパイ
46605_31178.html,65,2,する,動詞,自立,,,サ変・スル,基本形,する,スル,スル
46605_31178.html,65,3,な,助詞,終助詞,,,,,な,ナ,ナ
46605_31178.html,65,4,。,記号,句点,,,,,。,。,。
46605_31178.html,66,1,そら,感動詞,,,,,,そら,ソラ,ソラ
46605_31178.html,66,2,、,記号,読点,,,,,、,、,、
46605_31178.html,66,3,樺,名詞,一般,,,,,樺,カバ,カバ
46605_31178.html,66,4,の,助詞,連体化,,,,,の,ノ,ノ
46605_31178.html,66,5,花,名詞,一般,,,,,花,ハナ,ハナ
46605_31178.html,66,6,が,助詞,格助詞,一般,,,,が,ガ,ガ
46605_31178.html,66,7,流れ,動詞,自立,,,一段,連用形,流れる,ナガレ,ナガレ
46605_31178.html,66,8,て,助詞,接続助詞,,,,,て,テ,テ
46605_31178.html,66,9,来,動詞,非自立,,,カ変・来ル,連用形,来る,キ,キ
46605_31178.html,66,10,た,助動詞,,,,特殊・タ,基本形,た,タ,タ
46605_31178.html,66,11,。,記号,句点,,,,,。,。,。
46605_31178.html,67,1,ごらん,名詞,一般,,,,,ごらん,ゴラン,ゴラン
46605_31178.html,67,2,、,記号,読点,,,,,、,、,、
46605_31178.html,67,3,きれい,名詞,形容動詞語幹,,,,,きれい,キレイ,キレイ
46605_31178.html,67,4,だろ,助動詞,,,,特殊・ダ,未然形,だ,ダロ,ダロ
46605_31178.html,67,5,う,助動詞,,,,不変化型,基本形,う,ウ,ウ
46605_31178.html,67,6,。,記号,句点,,,,,。,。,。
46605_31178.html,67,7,』,記号,括弧閉,,,,,』,』,』
46605_31178.html,68,1,泡,名詞,一般,,,,,泡,アワ,アワ
46605_31178.html,68,2,と,助詞,格助詞,一般,,,,と,ト,ト
46605_31178.html,68,3,一緒,名詞,サ変接続,,,,,一緒,イッショ,イッショ
46605_31178.html,68,4,に,助詞,格助詞,一般,,,,に,ニ,ニ
46605_31178.html,68,5,、,記号,読点,,,,,、,、,、
46605_31178.html,68,6,白い,形容詞,自立,,,形容詞・アウオ段,基本形,白い,シロイ,シロイ
46605_31178.html,68,7,樺,名詞,一般,,,,,樺,カバ,カバ
46605_31178.html,68,8,の,助詞,連体化,,,,,の,ノ,ノ
46605_31178.html,68,9,花びら,名詞,一般,,,,,花びら,ハナビラ,ハナビラ
46605_31178.html,68,10,が,助詞,格助詞,一般,,,,が,ガ,ガ
46605_31178.html,68,11,天井,名詞,一般,,,,,天井,テンジョウ,テンジョー
46605_31178.html,68,12,を,助詞,格助詞,一般,,,,を,ヲ,ヲ
46605_31178.html,68,13,たくさん,名詞,副詞可能,,,,,たくさん,タクサン,タクサン
46605_31178.html,68,14,すべっ,動詞,自立,,,五段・ラ行,連用タ接続,すべる,スベッ,スベッ
46605_31178.html,68,15,て,助詞,接続助詞,,,,,て,テ,テ
46605_31178.html,68,16,来,動詞,非自立,,,カ変・来ル,連用形,来る,キ,キ
46605_31178.html,68,17,まし,助動詞,,,,特殊・マス,連用形,ます,マシ,マシ
46605_31178.html,68,18,た,助動詞,,,,特殊・タ,基本形,た,タ,タ
46605_31178.html,68,19,。,記号,句点,,,,,。,。,。
46605_31178.html,69,1,『,記号,括弧開,,,,,『,『,『
46605_31178.html,69,2,こわい,形容詞,自立,,,形容詞・アウオ段,基本形,こわい,コワイ,コワイ
46605_31178.html,69,3,よ,助詞,終助詞,,,,,よ,ヨ,ヨ
46605_31178.html,69,4,、,記号,読点,,,,,、,、,、
46605_31178.html,69,5,お父さん,名詞,一般,,,,,お父さん,オトウサン,オトーサン
46605_31178.html,69,6,。,記号,句点,,,,,。,。,。
46605_31178.html,69,7,』,記号,括弧閉,,,,,』,』,』
46605_31178.html,69,8,弟,名詞,一般,,,,,弟,オトウト,オトート
46605_31178.html,69,9,の,助詞,連体化,,,,,の,ノ,ノ
46605_31178.html,69,10,蟹,名詞,一般,,,,,蟹,カニ,カニ
46605_31178.html,69,11,も,助詞,係助詞,,,,,も,モ,モ
46605_31178.html,69,12,云い,動詞,自立,,,五段・ワ行促音便,連用形,云う,ユイ,ユイ
46605_31178.html,69,13,まし,助動詞,,,,特殊・マス,連用形,ます,マシ,マシ
46605_31178.html,69,14,た,助動詞,,,,特殊・タ,基本形,た,タ,タ
46605_31178.html,69,15,。,記号,句点,,,,,。,。,。
46605_31178.html,70,1,光,名詞,一般,,,,,光,ヒカリ,ヒカリ
46605_31178.html,70,2,の,助詞,連体化,,,,,の,ノ,ノ
46605_31178.html,70,3,網,名詞,一般,,,,,網,アミ,アミ
46605_31178.html,70,4,は,助詞,係助詞,,,,,は,ハ,ワ
46605_31178.html,70,5,ゆらゆら,副詞,一般,,,,,ゆらゆら,ユラユラ,ユラユラ
46605_31178.html,70,6,、,記号,読点,,,,,、,、,、
46605_31178.html,70,7,のび,動詞,自立,,,一段,連用形,のびる,ノビ,ノビ
46605_31178.html,70,8,たり,助詞,並立助詞,,,,,たり,タリ,タリ
46605_31178.html,70,9,ちぢん,動詞,自立,,,五段・マ行,連用タ接続,ちぢむ,チヂン,チジン
46605_31178.html,70,10,だり,助詞,並立助詞,,,,,だり,ダリ,ダリ
46605_31178.html,70,11,、,記号,読点,,,,,、,、,、
46605_31178.html,70,12,花びら,名詞,一般,,,,,花びら,ハナビラ,ハナビラ
46605_31178.html,70,13,の,助詞,連体化,,,,,の,ノ,ノ
46605_31178.html,70,14,影,名詞,一般,,,,,影,カゲ,カゲ
46605_31178.html,70,15,は,助詞,係助詞,,,,,は,ハ,ワ
46605_31178.html,70,16,しずか,名詞,形容動詞語幹,,,,,しずか,シズカ,シズカ
46605_31178.html,70,17,に,助詞,副詞化,,,,,に,ニ,ニ
46605_31178.html,70,18,砂,名詞,一般,,,,,砂,スナ,スナ
46605_31178.html,70,19,を,助詞,格助詞,一般,,,,を,ヲ,ヲ
46605_31178.html,70,20,すべり,動詞,自立,,,五段・ラ行,連用形,すべる,スベリ,スベリ
46605_31178.html,70,21,まし,助動詞,,,,特殊・マス,連用形,ます,マシ,マシ
46605_31178.html,70,22,た,助動詞,,,,特殊・タ,基本形,た,タ,タ
46605_31178.html,70,23,。,記号,句点,,,,,。,。,。
46605_31178.html,71,1,二,名詞,数,,,,,二,ニ,ニ
46605_31178.html,71,2,、,記号,読点,,,,,、,、,、
46605_31178.html,71,3,十二月,名詞,副詞可能,,,,,十二月,ジュウニガツ,ジューニガツ
46605_31178.html,72,1,蟹,名詞,一般,,,,,蟹,カニ,カニ
46605_31178.html,72,2,の,助詞,連体化,,,,,の,ノ,ノ
46605_31178.html,72,3,子供,名詞,一般,,,,,子供,コドモ,コドモ
46605_31178.html,72,4,ら,名詞,接尾,一般,,,,ら,ラ,ラ
46605_31178.html,72,5,は,助詞,係助詞,,,,,は,ハ,ワ
46605_31178.html,72,6,もう,副詞,一般,,,,,もう,モウ,モー
46605_31178.html,72,7,よほど,副詞,一般,,,,,よほど,ヨホド,ヨホド
46605_31178.html,72,8,大きく,形容詞,自立,,,形容詞・イ段,連用テ接続,大きい,オオキク,オーキク
46605_31178.html,72,9,なり,動詞,自立,,,五段・ラ行,連用形,なる,ナリ,ナリ
46605_31178.html,72,10,、,記号,読点,,,,,、,、,、
46605_31178.html,72,11,底,名詞,一般,,,,,底,ソコ,ソコ
46605_31178.html,72,12,の,助詞,連体化,,,,,の,ノ,ノ
46605_31178.html,72,13,景色,名詞,一般,,,,,景色,ケシキ,ケシキ
46605_31178.html,72,14,も,助詞,係助詞,,,,,も,モ,モ
46605_31178.html,72,15,夏,名詞,一般,,,,,夏,ナツ,ナツ
46605_31178.html,72,16,から,助詞,格助詞,一般,,,,から,カラ,カラ
46605_31178.html,72,17,秋,名詞,一般,,,,,秋,アキ,アキ
46605_31178.html,72,18,の,助詞,連体化,,,,,の,ノ,ノ
46605_31178.html,72,19,間,名詞,一般,,,,,間,マ,マ
46605_31178.html,72,20,に,助詞,格助詞,一般,,,,に,ニ,ニ
46605_31178.html,72,21,すっかり,副詞,一般,,,,,すっかり,スッカリ,スッカリ
46605_31178.html,72,22,変り,動詞,自立,,,五段・ラ行,連用形,変る,カワリ,カワリ
46605_31178.html,72,23,まし,助動詞,,,,特殊・マス,連用形,ます,マシ,マシ
46605_31178.html,72,24,た,助動詞,,,,特殊・タ,基本形,た,タ,タ
46605_31178.html,72,25,。,記号,句点,,,,,。,。,。
46605_31178.html,73,1,白い,形容詞,自立,,,形容詞・アウオ段,基本形,白い,シロイ,シロイ
46605_31178.html,73,2,柔か,名詞,形容動詞語幹,,,,,柔か,ニコヤカ,ニコヤカ
46605_31178.html,73,3,な,助動詞,,,,特殊・ダ,体言接続,だ,ナ,ナ
46605_31178.html,73,4,円,名詞,一般,,,,,円,エン,エン
46605_31178.html,73,5,石,名詞,接尾,一般,,,,石,セキ,セキ
46605_31178.html,73,6,も,助詞,係助詞,,,,,も,モ,モ
46605_31178.html,73,7,ころがっ,動詞,自立,,,五段・ラ行,連用タ接続,ころがる,コロガッ,コロガッ
46605_31178.html,73,8,て,助詞,接続助詞,,,,,て,テ,テ
46605_31178.html,73,9,来,動詞,非自立,,,カ変・来ル,連用形,来る,キ,キ
46605_31178.html,73,10,、,記号,読点,,,,,、,、,、
46605_31178.html,73,11,小さな,連体詞,,,,,,小さな,チイサナ,チーサナ
46605_31178.html,73,12,錐,名詞,一般,,,,,錐,ギリ,ギリ
46605_31178.html,73,13,の,助詞,連体化,,,,,の,ノ,ノ
46605_31178.html,73,14,形,名詞,一般,,,,,形,カタチ,カタチ
46605_31178.html,73,15,の,助詞,連体化,,,,,の,ノ,ノ
46605_31178.html,73,16,水晶,名詞,一般,,,,,水晶,スイショウ,スイショー
46605_31178.html,73,17,の,助詞,連体化,,,,,の,ノ,ノ
46605_31178.html,73,18,粒,名詞,一般,,,,,粒,ツブ,ツブ
46605_31178.html,73,19,や,助詞,並立助詞,,,,,や,ヤ,ヤ
46605_31178.html,73,20,、,記号,読点,,,,,、,、,、
46605_31178.html,73,21,金,名詞,固有名詞,人名,姓,,,金,キム,キム
46605_31178.html,73,22,雲母,名詞,一般,,,,,雲母,ウンモ,ウンモ
46605_31178.html,73,23,の,助詞,連体化,,,,,の,ノ,ノ
46605_31178.html,73,24,かけら,名詞,一般,,,,,かけら,カケラ,カケラ
46605_31178.html,73,25,も,助詞,係助詞,,,,,も,モ,モ
46605_31178.html,73,26,ながれ,動詞,自立,,,一段,連用形,ながれる,ナガレ,ナガレ
46605_31178.html,73,27,て,助詞,接続助詞,,,,,て,テ,テ
46605_31178.html,73,28,来,動詞,非自立,,,カ変・来ル,連用形,来る,キ,キ
46605_31178.html,73,29,て,助詞,接続助詞,,,,,て,テ,テ
46605_31178.html,73,30,とまり,動詞,自立,,,五段・ラ行,連用形,とまる,トマリ,トマリ
46605_31178.html,73,31,まし,助動詞,,,,特殊・マス,連用形,ます,マシ,マシ
46605_31178.html,73,32,た,助動詞,,,,特殊・タ,基本形,た,タ,タ
46605_31178.html,73,33,。,記号,句点,,,,,。,。,。
46605_31178.html,74,1,その,連体詞,,,,,,その,ソノ,ソノ
46605_31178.html,74,2,つめたい,形容詞,自立,,,形容詞・アウオ段,基本形,つめたい,ツメタイ,ツメタイ
46605_31178.html,74,3,水,名詞,一般,,,,,水,ミズ,ミズ
46605_31178.html,74,4,の,助詞,連体化,,,,,の,ノ,ノ
46605_31178.html,74,5,底,名詞,一般,,,,,底,ソコ,ソコ
46605_31178.html,74,6,まで,助詞,副助詞,,,,,まで,マデ,マデ
46605_31178.html,74,7,、,記号,読点,,,,,、,、,、
46605_31178.html,74,8,ラムネ,名詞,一般,,,,,ラムネ,ラムネ,ラムネ
46605_31178.html,74,9,の,助詞,連体化,,,,,の,ノ,ノ
46605_31178.html,74,10,瓶,名詞,一般,,,,,瓶,ビン,ビン
46605_31178.html,74,11,の,助詞,連体化,,,,,の,ノ,ノ
46605_31178.html,74,12,月光,名詞,一般,,,,,月光,ゲッコウ,ゲッコー
46605_31178.html,74,13,が,助詞,格助詞,一般,,,,が,ガ,ガ
46605_31178.html,74,14,いっぱい,副詞,一般,,,,,いっぱい,イッパイ,イッパイ
46605_31178.html,74,15,に,助詞,格助詞,一般,,,,に,ニ,ニ
46605_31178.html,74,16,透,動詞,自立,,,五段・ラ行,体言接続特殊２,透る,トオ,トー
46605_31178.html,74,17,とおり,名詞,非自立,副詞可能,,,,とおり,トオリ,トーリ
46605_31178.html,74,18,天井,名詞,一般,,,,,天井,テンジョウ,テンジョー
46605_31178.html,74,19,で,助詞,格助詞,一般,,,,で,デ,デ
46605_31178.html,74,20,は,助詞,係助詞,,,,,は,ハ,ワ
46605_31178.html,74,21,波,名詞,一般,,,,,波,ナミ,ナミ
46605_31178.html,74,22,が,助詞,格助詞,一般,,,,が,ガ,ガ
46605_31178.html,74,23,青じろい,形容詞,自立,,,形容詞・アウオ段,基本形,青じろい,アオジロイ,アオジロイ
46605_31178.html,74,24,火,名詞,一般,,,,,火,ヒ,ヒ
46605_31178.html,74,25,を,助詞,格助詞,一般,,,,を,ヲ,ヲ
46605_31178.html,74,26,、,記号,読点,,,,,、,、,、
46605_31178.html,74,27,燃し,動詞,自立,,,五段・サ行,連用形,燃す,モヤシ,モヤシ
46605_31178.html,74,28,たり,助詞,並立助詞,,,,,たり,タリ,タリ
46605_31178.html,74,29,消し,動詞,自立,,,五段・サ行,連用形,消す,ケシ,ケシ
46605_31178.html,74,30,たり,助詞,並立助詞,,,,,たり,タリ,タリ
46605_31178.html,74,31,し,動詞,自立,,,サ変・スル,連用形,する,シ,シ
46605_31178.html,74,32,て,助詞,接続助詞,,,,,て,テ,テ
46605_31178.html,74,33,いる,動詞,非自立,,,一段,基本形,いる,イル,イル
46605_31178.html,74,34,よう,名詞,非自立,助動詞語幹,,,,よう,ヨウ,ヨー
46605_31178.html,74,35,、,記号,読点,,,,,、,、,、
46605_31178.html,74,36,あたり,名詞,一般,,,,,あたり,アタリ,アタリ
46605_31178.html,74,37,は,助詞,係助詞,,,,,は,ハ,ワ
46605_31178.html,74,38,しん,名詞,一般,,,,,しん,シン,シン
46605_31178.html,74,39,として,助詞,格助詞,連語,,,,として,トシテ,トシテ
46605_31178.html,74,40,、,記号,読点,,,,,、,、,、
46605_31178.html,74,41,ただ,接続詞,,,,,,ただ,タダ,タダ
46605_31178.html,74,42,いかにも,副詞,一般,,,,,いかにも,イカニモ,イカニモ
46605_31178.html,74,43,遠く,名詞,副詞可能,,,,,遠く,トオク,トーク
46605_31178.html,74,44,から,助詞,格助詞,一般,,,,から,カラ,カラ
46605_31178.html,74,45,という,助詞,格助詞,連語,,,,という,トイウ,トユウ
46605_31178.html,74,46,よう,名詞,非自立,助動詞語幹,,,,よう,ヨウ,ヨー
46605_31178.html,74,47,に,助詞,副詞化,,,,,に,ニ,ニ
46605_31178.html,74,48,、,記号,読点,,,,,、,、,、
46605_31178.html,74,49,その,連体詞,,,,,,その,ソノ,ソノ
46605_31178.html,74,50,波,名詞,一般,,,,,波,ナミ,ナミ
46605_31178.html,74,51,の,助詞,連体化,,,,,の,ノ,ノ
46605_31178.html,74,52,音,名詞,一般,,,,,音,オト,オト
46605_31178.html,74,53,が,助詞,格助詞,一般,,,,が,ガ,ガ
46605_31178.html,74,54,ひびい,動詞,自立,,,五段・カ行イ音便,連用タ接続,ひびく,ヒビイ,ヒビイ
46605_31178.html,74,55,て,助詞,接続助詞,,,,,て,テ,テ
46605_31178.html,74,56,来る,動詞,非自立,,,カ変・来ル,基本形,来る,クル,クル
46605_31178.html,74,57,だけ,助詞,副助詞,,,,,だけ,ダケ,ダケ
46605_31178.html,74,58,です,助動詞,,,,特殊・デス,基本形,です,デス,デス
46605_31178.html,74,59,。,記号,句点,,,,,。,。,。
46605_31178.html,75,1,蟹,名詞,一般,,,,,蟹,カニ,カニ
46605_31178.html,75,2,の,助詞,連体化,,,,,の,ノ,ノ
46605_31178.html,75,3,子供,名詞,一般,,,,,子供,コドモ,コドモ
46605_31178.html,75,4,ら,名詞,接尾,一般,,,,ら,ラ,ラ
46605_31178.html,75,5,は,助詞,係助詞,,,,,は,ハ,ワ
46605_31178.html,75,6,、,記号,読点,,,,,、,、,、
46605_31178.html,75,7,あんまり,副詞,一般,,,,,あんまり,アンマリ,アンマリ
46605_31178.html,75,8,月,名詞,一般,,,,,月,ツキ,ツキ
46605_31178.html,75,9,が,助詞,格助詞,一般,,,,が,ガ,ガ
46605_31178.html,75,10,明るく,形容詞,自立,,,形容詞・アウオ段,連用テ接続,明るい,アカルク,アカルク
46605_31178.html,75,11,水,名詞,一般,,,,,水,ミズ,ミズ
46605_31178.html,75,12,が,助詞,格助詞,一般,,,,が,ガ,ガ
46605_31178.html,75,13,きれい,名詞,形容動詞語幹,,,,,きれい,キレイ,キレイ
46605_31178.html,75,14,な,助動詞,,,,特殊・ダ,体言接続,だ,ナ,ナ
46605_31178.html,75,15,ので,助詞,接続助詞,,,,,ので,ノデ,ノデ
46605_31178.html,75,16,睡ら,動詞,自立,,,五段・ラ行,未然形,睡る,ネムラ,ネムラ
46605_31178.html,75,17,ない,助動詞,,,,特殊・ナイ,連用デ接続,ない,ナイ,ナイ
46605_31178.html,75,18,で,助詞,接続助詞,,,,,で,デ,デ
46605_31178.html,75,19,外,名詞,一般,,,,,外,ソト,ソト
46605_31178.html,75,20,に,助詞,格助詞,一般,,,,に,ニ,ニ
46605_31178.html,75,21,出,動詞,自立,,,一段,連用形,出る,デ,デ
46605_31178.html,75,22,て,助詞,接続助詞,,,,,て,テ,テ
46605_31178.html,75,23,、,記号,読点,,,,,、,、,、
46605_31178.html,75,24,しばらく,副詞,助詞類接続,,,,,しばらく,シバラク,シバラク
46605_31178.html,75,25,だまっ,動詞,自立,,,五段・ラ行,連用タ接続,だまる,ダマッ,ダマッ
46605_31178.html,75,26,て,助詞,接続助詞,,,,,て,テ,テ
46605_31178.html,75,27,泡,名詞,一般,,,,,泡,アワ,アワ
46605_31178.html,75,28,を,助詞,格助詞,一般,,,,を,ヲ,ヲ
46605_31178.html,75,29,はい,動詞,自立,,,五段・カ行イ音便,連用タ接続,はく,ハイ,ハイ
46605_31178.html,75,30,て,助詞,接続助詞,,,,,て,テ,テ
46605_31178.html,75,31,天上,名詞,一般,,,,,天上,テンジョウ,テンジョー
46605_31178.html,75,32,の,助詞,連体化,,,,,の,ノ,ノ
46605_31178.html,75,33,方,名詞,非自立,一般,,,,方,ホウ,ホー
46605_31178.html,75,34,を,助詞,格助詞,一般,,,,を,ヲ,ヲ
46605_31178.html,75,35,見,動詞,自立,,,一段,連用形,見る,ミ,ミ
46605_31178.html,75,36,て,助詞,接続助詞,,,,,て,テ,テ
46605_31178.html,75,37,い,動詞,非自立,,,一段,連用形,いる,イ,イ
46605_31178.html,75,38,まし,助動詞,,,,特殊・マス,連用形,ます,マシ,マシ
46605_31178.html,75,39,た,助動詞,,,,特殊・タ,基本形,た,タ,タ
46605_31178.html,75,40,。,記号,句点,,,,,。,。,。
46605_31178.html,76,1,『,記号,括弧開,,,,,『,『,『
46605_31178.html,76,2,やっぱり,副詞,一般,,,,,やっぱり,ヤッパリ,ヤッパリ
46605_31178.html,76,3,僕,名詞,代名詞,一般,,,,僕,ボク,ボク
46605_31178.html,76,4,の,助詞,連体化,,,,,の,ノ,ノ
46605_31178.html,76,5,泡,名詞,一般,,,,,泡,アワ,アワ
46605_31178.html,76,6,は,助詞,係助詞,,,,,は,ハ,ワ
46605_31178.html,76,7,大きい,形容詞,自立,,,形容詞・イ段,基本形,大きい,オオキイ,オーキイ
46605_31178.html,76,8,ね,助詞,終助詞,,,,,ね,ネ,ネ
46605_31178.html,76,9,。,記号,句点,,,,,。,。,。
46605_31178.html,76,10,』,記号,括弧閉,,,,,』,』,』
46605_31178.html,77,1,『,記号,括弧開,,,,,『,『,『
46605_31178.html,77,2,兄さん,名詞,一般,,,,,兄さん,ニイサン,ニーサン
46605_31178.html,77,3,、,記号,読点,,,,,、,、,、
46605_31178.html,77,4,わざと,副詞,一般,,,,,わざと,ワザト,ワザト
46605_31178.html,77,5,大きく,形容詞,自立,,,形容詞・イ段,連用テ接続,大きい,オオキク,オーキク
46605_31178.html,77,6,吐い,動詞,自立,,,五段・カ行イ音便,連用タ接続,吐く,ハイ,ハイ
46605_31178.html,77,7,てる,動詞,非自立,,,一段,基本形,てる,テル,テル
46605_31178.html,77,8,ん,名詞,非自立,一般,,,,ん,ン,ン
46605_31178.html,77,9,だ,助動詞,,,,特殊・ダ,基本形,だ,ダ,ダ
46605_31178.html,77,10,い,名詞,一般,,,,,い,イ,イ
46605_31178.html,77,11,。,記号,句点,,,,,。,。,。
46605_31178.html,78,1,僕,名詞,代名詞,一般,,,,僕,ボク,ボク
46605_31178.html,78,2,だって,助詞,副助詞,,,,,だって,ダッテ,ダッテ
46605_31178.html,78,3,わざと,副詞,一般,,,,,わざと,ワザト,ワザト
46605_31178.html,78,4,なら,助動詞,,,,特殊・ダ,仮定形,だ,ナラ,ナラ
46605_31178.html,78,5,もっと,副詞,一般,,,,,もっと,モット,モット
46605_31178.html,78,6,大きく,形容詞,自立,,,形容詞・イ段,連用テ接続,大きい,オオキク,オーキク
46605_31178.html,78,7,吐ける,動詞,自立,,,一段,基本形,吐ける,ハケル,ハケル
46605_31178.html,78,8,よ,助詞,終助詞,,,,,よ,ヨ,ヨ
46605_31178.html,78,9,。,記号,句点,,,,,。,。,。
46605_31178.html,78,10,』,記号,括弧閉,,,,,』,』,』
46605_31178.html,79,1,『,記号,括弧開,,,,,『,『,『
46605_31178.html,79,2,吐い,動詞,自立,,,五段・カ行イ音便,連用タ接続,吐く,ハイ,ハイ
46605_31178.html,79,3,て,助詞,接続助詞,,,,,て,テ,テ
46605_31178.html,79,4,ごらん,名詞,動詞非自立的,,,,,ごらん,ゴラン,ゴラン
46605_31178.html,79,5,。,記号,句点,,,,,。,。,。
46605_31178.html,80,1,おや,感動詞,,,,,,おや,オヤ,オヤ
46605_31178.html,80,2,、,記号,読点,,,,,、,、,、
46605_31178.html,80,3,たった,副詞,助詞類接続,,,,,たった,タッタ,タッタ
46605_31178.html,80,4,それ,名詞,代名詞,一般,,,,それ,ソレ,ソレ
46605_31178.html,80,5,きり,名詞,非自立,副詞可能,,,,きり,キリ,キリ
46605_31178.html,80,6,だろ,助動詞,,,,特殊・ダ,未然形,だ,ダロ,ダロ
46605_31178.html,80,7,う,助動詞,,,,不変化型,基本形,う,ウ,ウ
46605_31178.html,80,8,。,記号,句点,,,,,。,。,。
46605_31178.html,81,1,いい,動詞,自立,,,五段・ワ行促音便,連用形,いう,イイ,イイ
46605_31178.html,81,2,かい,助詞,終助詞,,,,,かい,カイ,カイ
46605_31178.html,81,3,、,記号,読点,,,,,、,、,、
46605_31178.html,81,4,兄さん,名詞,一般,,,,,兄さん,ニイサン,ニーサン
46605_31178.html,81,5,が,助詞,格助詞,一般,,,,が,ガ,ガ
46605_31178.html,81,6,吐く,動詞,自立,,,五段・カ行イ音便,基本形,吐く,ハク,ハク
46605_31178.html,81,7,から,助詞,接続助詞,,,,,から,カラ,カラ
46605_31178.html,81,8,見,動詞,自立,,,一段,連用形,見る,ミ,ミ
46605_31178.html,81,9,て,助詞,接続助詞,,,,,て,テ,テ
46605_31178.html,81,10,おいで,名詞,一般,,,,,おいで,オイデ,オイデ
46605_31178.html,81,11,。,記号,句点,,,,,。,。,。
46605_31178.html,82,1,そら,感動詞,,,,,,そら,ソラ,ソラ
46605_31178.html,82,2,、,記号,読点,,,,,、,、,、
46605_31178.html,82,3,ね,助詞,終助詞,,,,,ね,ネ,ネ
46605_31178.html,82,4,、,記号,読点,,,,,、,、,、
46605_31178.html,82,5,大きい,形容詞,自立,,,形容詞・イ段,基本形,大きい,オオキイ,オーキイ
46605_31178.html,82,6,だろ,助動詞,,,,特殊・ダ,未然形,だ,ダロ,ダロ
46605_31178.html,82,7,う,助動詞,,,,不変化型,基本形,う,ウ,ウ
46605_31178.html,82,8,。,記号,句点,,,,,。,。,。
46605_31178.html,82,9,』,記号,括弧閉,,,,,』,』,』
46605_31178.html,83,1,『,記号,括弧開,,,,,『,『,『
46605_31178.html,83,2,大き,名詞,一般,,,,,大き,タイキ,タイキ
46605_31178.html,83,3,か,助詞,副助詞／並立助詞／終助詞,,,,,か,カ,カ
46605_31178.html,83,4,ない,形容詞,自立,,,形容詞・アウオ段,基本形,ない,ナイ,ナイ
46605_31178.html,83,5,や,助詞,接続助詞,,,,,や,ヤ,ヤ
46605_31178.html,83,6,、,記号,読点,,,,,、,、,、
46605_31178.html,83,7,おんな,名詞,一般,,,,,おんな,オンナ,オンナ
46605_31178.html,83,8,じだい,名詞,一般,,,,,じだい,ジダイ,ジダイ
46605_31178.html,83,9,。,記号,句点,,,,,。,。,。
46605_31178.html,83,10,』,記号,括弧閉,,,,,』,』,』
46605_31178.html,84,1,『,記号,括弧開,,,,,『,『,『
46605_31178.html,84,2,近く,名詞,一般,,,,,近く,チカク,チカク
46605_31178.html,84,3,だ,助動詞,,,,特殊・ダ,基本形,だ,ダ,ダ
46605_31178.html,84,4,から,助詞,接続助詞,,,,,から,カラ,カラ
46605_31178.html,84,5,自分,名詞,一般,,,,,自分,ジブン,ジブン
46605_31178.html,84,6,の,名詞,非自立,一般,,,,の,ノ,ノ
46605_31178.html,84,7,が,助詞,格助詞,一般,,,,が,ガ,ガ
46605_31178.html,84,8,大きく,形容詞,自立,,,形容詞・イ段,連用テ接続,大きい,オオキク,オーキク
46605_31178.html,84,9,見える,動詞,自立,,,一段,基本形,見える,ミエル,ミエル
46605_31178.html,84,10,ん,名詞,非自立,一般,,,,ん,ン,ン
46605_31178.html,84,11,だ,助動詞,,,,特殊・ダ,基本形,だ,ダ,ダ
46605_31178.html,84,12,よ,助詞,終助詞,,,,,よ,ヨ,ヨ
46605_31178.html,84,13,。,記号,句点,,,,,。,。,。
46605_31178.html,85,1,そん,名詞,一般,,,,,そん,ソン,ソン
46605_31178.html,85,2,なら,助動詞,,,,特殊・ダ,仮定形,だ,ナラ,ナラ
46605_31178.html,85,3,一緒,名詞,サ変接続,,,,,一緒,イッショ,イッショ
46605_31178.html,85,4,に,助詞,格助詞,一般,,,,に,ニ,ニ
46605_31178.html,85,5,吐い,動詞,自立,,,五段・カ行イ音便,連用タ接続,吐く,ハイ,ハイ
46605_31178.html,85,6,て,助詞,接続助詞,,,,,て,テ,テ
46605_31178.html,85,7,みよ,動詞,非自立,,,一段,未然ウ接続,みる,ミヨ,ミヨ
46605_31178.html,85,8,う,助動詞,,,,不変化型,基本形,う,ウ,ウ
46605_31178.html,85,9,。,記号,句点,,,,,。,。,。
46605_31178.html,86,1,いい,動詞,自立,,,五段・ワ行促音便,連用形,いう,イイ,イイ
46605_31178.html,86,2,かい,助詞,終助詞,,,,,かい,カイ,カイ
46605_31178.html,86,3,、,記号,読点,,,,,、,、,、
46605_31178.html,86,4,そら,感動詞,,,,,,そら,ソラ,ソラ
46605_31178.html,86,5,。,記号,句点,,,,,。,。,。
46605_31178.html,86,6,』,記号,括弧閉,,,,,』,』,』
46605_31178.html,87,1,『,記号,括弧開,,,,,『,『,『
46605_31178.html,87,2,やっぱり,副詞,一般,,,,,やっぱり,ヤッパリ,ヤッパリ
46605_31178.html,87,3,僕,名詞,代名詞,一般,,,,僕,ボク,ボク
46605_31178.html,87,4,の,助詞,連体化,,,,,の,ノ,ノ
46605_31178.html,87,5,方,名詞,非自立,一般,,,,方,ホウ,ホー
46605_31178.html,87,6,大きい,形容詞,自立,,,形容詞・イ段,基本形,大きい,オオキイ,オーキイ
46605_31178.html,87,7,よ,助詞,終助詞,,,,,よ,ヨ,ヨ
46605_31178.html,87,8,。,記号,句点,,,,,。,。,。
46605_31178.html,87,9,』,記号,括弧閉,,,,,』,』,』
46605_31178.html,88,1,『,記号,括弧開,,,,,『,『,『
46605_31178.html,88,2,本当,名詞,形容動詞語幹,,,,,本当,ホントウ,ホントー
46605_31178.html,88,3,かい,助詞,終助詞,,,,,かい,カイ,カイ
46605_31178.html,88,4,。,記号,句点,,,,,。,。,。
46605_31178.html,89,1,じゃ,接続詞,,,,,,じゃ,ジャ,ジャ
46605_31178.html,89,2,、,記号,読点,,,,,、,、,、
46605_31178.html,89,3,も,助詞,係助詞,,,,,も,モ,モ
46605_31178.html,89,4,一つ,名詞,一般,,,,,一つ,ヒトツ,ヒトツ
46605_31178.html,89,5,は,助詞,係助詞,,,,,は,ハ,ワ
46605_31178.html,89,6,く,動詞,非自立,,,五段・カ行促音便,基本形,く,ク,ク
46605_31178.html,89,7,よ,助詞,終助詞,,,,,よ,ヨ,ヨ
46605_31178.html,89,8,。,記号,句点,,,,,。,。,。
46605_31178.html,89,9,』,記号,括弧閉,,,,,』,』,』
46605_31178.html,90,1,『,記号,括弧開,,,,,『,『,『
46605_31178.html,90,2,だめ,名詞,形容動詞語幹,,,,,だめ,ダメ,ダメ
46605_31178.html,90,3,だい,名詞,一般,,,,,だい,ダイ,ダイ
46605_31178.html,90,4,、,記号,読点,,,,,、,、,、
46605_31178.html,90,5,そんなに,副詞,一般,,,,,そんなに,ソンナニ,ソンナニ
46605_31178.html,90,6,のびあがっ,動詞,自立,,,五段・ラ行,連用タ接続,のびあがる,ノビアガッ,ノビアガッ
46605_31178.html,90,7,て,助詞,接続助詞,,,,,て,テ,テ
46605_31178.html,90,8,は,助詞,係助詞,,,,,は,ハ,ワ
46605_31178.html,90,9,。,記号,句点,,,,,。,。,。
46605_31178.html,90,10,』,記号,括弧閉,,,,,』,』,』
46605_31178.html,91,1,また,接続詞,,,,,,また,マタ,マタ
46605_31178.html,91,2,お父さん,名詞,一般,,,,,お父さん,オトウサン,オトーサン
46605_31178.html,91,3,の,助詞,連体化,,,,,の,ノ,ノ
46605_31178.html,91,4,蟹,名詞,一般,,,,,蟹,カニ,カニ
46605_31178.html,91,5,が,助詞,格助詞,一般,,,,が,ガ,ガ
46605_31178.html,91,6,出,動詞,自立,,,一段,連用形,出る,デ,デ
46605_31178.html,91,7,て,助詞,接続助詞,,,,,て,テ,テ
46605_31178.html,91,8,来,動詞,非自立,,,カ変・来ル,連用形,来る,キ,キ
46605_31178.html,91,9,まし,助動詞,,,,特殊・マス,連用形,ます,マシ,マシ
46605_31178.html,91,10,た,助動詞,,,,特殊・タ,基本形,た,タ,タ
46605_31178.html,91,11,。,記号,句点,,,,,。,。,。
46605_31178.html,92,1,『,記号,括弧開,,,,,『,『,『
46605_31178.html,92,2,もう,副詞,一般,,,,,もう,モウ,モー
46605_31178.html,92,3,ねろ,動詞,自立,,,五段・ラ行,未然ウ接続,ねる,ネロ,ネロ
46605_31178.html,92,4,ねろ,動詞,自立,,,一段,命令ｒｏ,ねる,ネロ,ネロ
46605_31178.html,92,5,。,記号,句点,,,,,。,。,。
46605_31178.html,93,1,遅い,形容詞,自立,,,形容詞・アウオ段,基本形,遅い,オソイ,オソイ
46605_31178.html,93,2,ぞ,助詞,終助詞,,,,,ぞ,ゾ,ゾ
46605_31178.html,93,3,、,記号,読点,,,,,、,、,、
46605_31178.html,93,4,あした,名詞,副詞可能,,,,,あした,アシタ,アシタ
46605_31178.html,93,5,イサド,名詞,一般,,,,,イサド,イサド,イサド
46605_31178.html,93,6,へ,助詞,格助詞,一般,,,,へ,ヘ,エ
46605_31178.html,93,7,連れ,動詞,自立,,,一段,連用形,連れる,ツレ,ツレ
46605_31178.html,93,8,て,助詞,接続助詞,,,,,て,テ,テ
46605_31178.html,93,9,行か,動詞,自立,,,五段・カ行促音便,未然形,行く,イカ,イカ
46605_31178.html,93,10,ん,助動詞,,,,不変化型,基本形,ん,ン,ン
46605_31178.html,93,11,ぞ,助詞,終助詞,,,,,ぞ,ゾ,ゾ
46605_31178.html,93,12,。,記号,句点,,,,,。,。,。
46605_31178.html,93,13,』,記号,括弧閉,,,,,』,』,』
46605_31178.html,94,1,『,記号,括弧開,,,,,『,『,『
46605_31178.html,94,2,お父さん,名詞,一般,,,,,お父さん,オトウサン,オトーサン
46605_31178.html,94,3,、,記号,読点,,,,,、,、,、
46605_31178.html,94,4,僕たち,名詞,代名詞,一般,,,,僕たち,ボクタチ,ボクタチ
46605_31178.html,94,5,の,助詞,連体化,,,,,の,ノ,ノ
46605_31178.html,94,6,泡,名詞,一般,,,,,泡,アワ,アワ
46605_31178.html,94,7,どっち,名詞,代名詞,一般,,,,どっち,ドッチ,ドッチ
46605_31178.html,94,8,大きい,形容詞,自立,,,形容詞・イ段,基本形,大きい,オオキイ,オーキイ
46605_31178.html,94,9,の,名詞,非自立,一般,,,,の,ノ,ノ
46605_31178.html,94,10,』,記号,括弧閉,,,,,』,』,』
46605_31178.html,95,1,『,記号,括弧開,,,,,『,『,『
46605_31178.html,95,2,それ,名詞,代名詞,一般,,,,それ,ソレ,ソレ
46605_31178.html,95,3,は,助詞,係助詞,,,,,は,ハ,ワ
46605_31178.html,95,4,兄さん,名詞,一般,,,,,兄さん,ニイサン,ニーサン
46605_31178.html,95,5,の,助詞,連体化,,,,,の,ノ,ノ
46605_31178.html,95,6,方,名詞,非自立,一般,,,,方,ホウ,ホー
46605_31178.html,95,7,だろ,助動詞,,,,特殊・ダ,未然形,だ,ダロ,ダロ
46605_31178.html,95,8,う,助動詞,,,,不変化型,基本形,う,ウ,ウ
46605_31178.html,95,9,』,記号,括弧閉,,,,,』,』,』
46605_31178.html,96,1,『,記号,括弧開,,,,,『,『,『
46605_31178.html,96,2,そう,副詞,助詞類接続,,,,,そう,ソウ,ソー
46605_31178.html,96,3,じゃ,助詞,副助詞,,,,,じゃ,ジャ,ジャ
46605_31178.html,96,4,ない,助動詞,,,,特殊・ナイ,基本形,ない,ナイ,ナイ
46605_31178.html,96,5,よ,助詞,終助詞,,,,,よ,ヨ,ヨ
46605_31178.html,96,6,、,記号,読点,,,,,、,、,、
46605_31178.html,96,7,僕,名詞,代名詞,一般,,,,僕,ボク,ボク
46605_31178.html,96,8,の,助詞,連体化,,,,,の,ノ,ノ
46605_31178.html,96,9,方,名詞,非自立,一般,,,,方,ホウ,ホー
46605_31178.html,96,10,大きい,形容詞,自立,,,形容詞・イ段,基本形,大きい,オオキイ,オーキイ
46605_31178.html,96,11,ん,名詞,非自立,一般,,,,ん,ン,ン
46605_31178.html,96,12,だ,助動詞,,,,特殊・ダ,基本形,だ,ダ,ダ
46605_31178.html,96,13,よ,助詞,終助詞,,,,,よ,ヨ,ヨ
46605_31178.html,96,14,』,記号,括弧閉,,,,,』,』,』
46605_31178.html,96,15,弟,名詞,一般,,,,,弟,オトウト,オトート
46605_31178.html,96,16,の,助詞,連体化,,,,,の,ノ,ノ
46605_31178.html,96,17,蟹,名詞,一般,,,,,蟹,カニ,カニ
46605_31178.html,96,18,は,助詞,係助詞,,,,,は,ハ,ワ
46605_31178.html,96,19,泣き,動詞,自立,,,五段・カ行イ音便,連用形,泣く,ナキ,ナキ
46605_31178.html,96,20,そう,名詞,接尾,助動詞語幹,,,,そう,ソウ,ソー
46605_31178.html,96,21,に,助詞,格助詞,一般,,,,に,ニ,ニ
46605_31178.html,96,22,なり,動詞,自立,,,五段・ラ行,連用形,なる,ナリ,ナリ
46605_31178.html,96,23,まし,助動詞,,,,特殊・マス,連用形,ます,マシ,マシ
46605_31178.html,96,24,た,助動詞,,,,特殊・タ,基本形,た,タ,タ
46605_31178.html,96,25,。,記号,句点,,,,,。,。,。
46605_31178.html,97,1,その,連体詞,,,,,,その,ソノ,ソノ
46605_31178.html,97,2,とき,名詞,非自立,副詞可能,,,,とき,トキ,トキ
46605_31178.html,97,3,、,記号,読点,,,,,、,、,、
46605_31178.html,97,4,トブン,名詞,一般,,,,,トブン,トブン,トブン
46605_31178.html,97,5,。,記号,句点,,,,,。,。,。
46605_31178.html,98,1,黒い,形容詞,自立,,,形容詞・アウオ段,基本形,黒い,クロイ,クロイ
46605_31178.html,98,2,円い,形容詞,自立,,,形容詞・アウオ段,基本形,円い,マルイ,マルイ
46605_31178.html,98,3,大きな,連体詞,,,,,,大きな,オオキナ,オーキナ
46605_31178.html,98,4,もの,名詞,非自立,一般,,,,もの,モノ,モノ
46605_31178.html,98,5,が,助詞,格助詞,一般,,,,が,ガ,ガ
46605_31178.html,98,6,、,記号,読点,,,,,、,、,、
46605_31178.html,98,7,天井,名詞,一般,,,,,天井,テンジョウ,テンジョー
46605_31178.html,98,8,から,助詞,格助詞,一般,,,,から,カラ,カラ
46605_31178.html,98,9,落ち,動詞,自立,,,一段,連用形,落ちる,オチ,オチ
46605_31178.html,98,10,て,動詞,非自立,,,一段,未然形,てる,テ,テ
46605_31178.html,98,11,ず,助動詞,,,,特殊・ヌ,連用ニ接続,ぬ,ズ,ズ
46605_31178.html,98,12,う,助動詞,,,,不変化型,基本形,う,ウ,ウ
46605_31178.html,98,13,っと,助詞,格助詞,引用,,,,っと,ット,ット
46605_31178.html,98,14,しずん,動詞,自立,,,五段・マ行,連用タ接続,しずむ,シズン,シズン
46605_31178.html,98,15,で,助詞,接続助詞,,,,,で,デ,デ
46605_31178.html,98,16,又,副詞,助詞類接続,,,,,又,マタ,マタ
46605_31178.html,98,17,上,名詞,一般,,,,,上,ウエ,ウエ
46605_31178.html,98,18,へ,助詞,格助詞,一般,,,,へ,ヘ,エ
46605_31178.html,98,19,のぼっ,動詞,自立,,,五段・ラ行,連用タ接続,のぼる,ノボッ,ノボッ
46605_31178.html,98,20,て,助詞,接続助詞,,,,,て,テ,テ
46605_31178.html,98,21,行き,動詞,非自立,,,五段・カ行促音便,連用形,行く,イキ,イキ
46605_31178.html,98,22,まし,助動詞,,,,特殊・マス,連用形,ます,マシ,マシ
46605_31178.html,98,23,た,助動詞,,,,特殊・タ,基本形,た,タ,タ
46605_31178.html,98,24,。,記号,句点,,,,,。,。,。
46605_31178.html,99,1,キラキラッ,名詞,一般,,,,,キラキラッ,キラキラッ,キラキラッ
46605_31178.html,99,2,と,助詞,並立助詞,,,,,と,ト,ト
46605_31178.html,99,3,黄金,名詞,一般,,,,,黄金,オウゴン,オーゴン
46605_31178.html,99,4,の,助詞,連体化,,,,,の,ノ,ノ
46605_31178.html,99,5,ぶち,動詞,自立,,,五段・タ行,連用形,ぶつ,ブチ,ブチ
46605_31178.html,99,6,が,助詞,格助詞,一般,,,,が,ガ,ガ
46605_31178.html,99,7,ひかり,動詞,自立,,,五段・ラ行,連用形,ひかる,ヒカリ,ヒカリ
46605_31178.html,99,8,まし,助動詞,,,,特殊・マス,連用形,ます,マシ,マシ
46605_31178.html,99,9,た,助動詞,,,,特殊・タ,基本形,た,タ,タ
46605_31178.html,99,10,。,記号,句点,,,,,。,。,。
46605_31178.html,100,1,『,記号,括弧開,,,,,『,『,『
46605_31178.html,100,2,かわせみ,名詞,一般,,,,,かわせみ,カワセミ,カワセミ
46605_31178.html,100,3,だ,助動詞,,,,特殊・ダ,基本形,だ,ダ,ダ
46605_31178.html,100,4,』,記号,括弧閉,,,,,』,』,』
46605_31178.html,100,5,子供,名詞,一般,,,,,子供,コドモ,コドモ
46605_31178.html,100,6,ら,名詞,接尾,一般,,,,ら,ラ,ラ
46605_31178.html,100,7,の,助詞,連体化,,,,,の,ノ,ノ
46605_31178.html,100,8,蟹,名詞,一般,,,,,蟹,カニ,カニ
46605_31178.html,100,9,は,助詞,係助詞,,,,,は,ハ,ワ
46605_31178.html,100,10,頸,名詞,一般,,,,,頸,頸,頸
46605_31178.html,100,11,を,助詞,格助詞,一般,,,,を,ヲ,ヲ
46605_31178.html,100,12,すくめ,動詞,自立,,,一段,連用形,すくめる,スクメ,スクメ
46605_31178.html,100,13,て,助詞,接続助詞,,,,,て,テ,テ
46605_31178.html,100,14,云い,動詞,自立,,,五段・ワ行促音便,連用形,云う,ユイ,ユイ
46605_31178.html,100,15,まし,助動詞,,,,特殊・マス,連用形,ます,マシ,マシ
46605_31178.html,100,16,た,助動詞,,,,特殊・タ,基本形,た,タ,タ
46605_31178.html,100,17,。,記号,句点,,,,,。,。,。
46605_31178.html,101,1,お父さん,名詞,一般,,,,,お父さん,オトウサン,オトーサン
46605_31178.html,101,2,の,助詞,連体化,,,,,の,ノ,ノ
46605_31178.html,101,3,蟹,名詞,一般,,,,,蟹,カニ,カニ
46605_31178.html,101,4,は,助詞,係助詞,,,,,は,ハ,ワ
46605_31178.html,101,5,、,記号,読点,,,,,、,、,、
46605_31178.html,101,6,遠,形容詞,自立,,,形容詞・アウオ段,ガル接続,遠い,トオ,トー
46605_31178.html,101,7,めがね,名詞,一般,,,,,めがね,メガネ,メガネ
46605_31178.html,101,8,の,助詞,連体化,,,,,の,ノ,ノ
46605_31178.html,101,9,よう,名詞,非自立,助動詞語幹,,,,よう,ヨウ,ヨー
46605_31178.html,101,10,な,助動詞,,,,特殊・ダ,体言接続,だ,ナ,ナ
46605_31178.html,101,11,両方,名詞,一般,,,,,両方,リョウホウ,リョーホー
46605_31178.html,101,12,の,助詞,連体化,,,,,の,ノ,ノ
46605_31178.html,101,13,眼,名詞,一般,,,,,眼,メ,メ
46605_31178.html,101,14,を,助詞,格助詞,一般,,,,を,ヲ,ヲ
46605_31178.html,101,15,あら,動詞,自立,,,五段・ラ行,未然形,ある,アラ,アラ
46605_31178.html,101,16,ん,助動詞,,,,不変化型,基本形,ん,ン,ン
46605_31178.html,101,17,限り,名詞,非自立,副詞可能,,,,限り,カギリ,カギリ
46605_31178.html,101,18,延ばし,動詞,自立,,,五段・サ行,連用形,延ばす,ノバシ,ノバシ
46605_31178.html,101,19,て,助詞,接続助詞,,,,,て,テ,テ
46605_31178.html,101,20,、,記号,読点,,,,,、,、,、
46605_31178.html,101,21,よくよく,副詞,一般,,,,,よくよく,ヨクヨク,ヨクヨク
46605_31178.html,101,22,見,動詞,自立,,,一段,連用形,見る,ミ,ミ
46605_31178.html,101,23,て,助詞,接続助詞,,,,,て,テ,テ
46605_31178.html,101,24,から,助詞,格助詞,一般,,,,から,カラ,カラ
46605_31178.html,101,25,云い,動詞,自立,,,五段・ワ行促音便,連用形,云う,ユイ,ユイ
46605_31178.html,101,26,まし,助動詞,,,,特殊・マス,連用形,ます,マシ,マシ
46605_31178.html,101,27,た,助動詞,,,,特殊・タ,基本形,た,タ,タ
46605_31178.html,101,28,。,記号,句点,,,,,。,。,。
46605_31178.html,102,1,『,記号,括弧開,,,,,『,『,『
46605_31178.html,102,2,そう,副詞,助詞類接続,,,,,そう,ソウ,ソー
46605_31178.html,102,3,じゃ,助詞,副助詞,,,,,じゃ,ジャ,ジャ
46605_31178.html,102,4,ない,助動詞,,,,特殊・ナイ,基本形,ない,ナイ,ナイ
46605_31178.html,102,5,、,記号,読点,,,,,、,、,、
46605_31178.html,102,6,あれ,名詞,代名詞,一般,,,,あれ,アレ,アレ
46605_31178.html,102,7,は,助詞,係助詞,,,,,は,ハ,ワ
46605_31178.html,102,8,やま,動詞,自立,,,五段・マ行,未然形,やむ,ヤマ,ヤマ
46605_31178.html,102,9,なし,助動詞,,,,特殊・ナイ,文語基本形,ない,ナシ,ナシ
46605_31178.html,102,10,だ,助動詞,,,,特殊・ダ,基本形,だ,ダ,ダ
46605_31178.html,102,11,、,記号,読点,,,,,、,、,、
46605_31178.html,102,12,流れ,動詞,自立,,,一段,連用形,流れる,ナガレ,ナガレ
46605_31178.html,102,13,て,助詞,接続助詞,,,,,て,テ,テ
46605_31178.html,102,14,行く,動詞,非自立,,,五段・カ行促音便,基本形,行く,イク,イク
46605_31178.html,102,15,ぞ,助詞,終助詞,,,,,ぞ,ゾ,ゾ
46605_31178.html,102,16,、,記号,読点,,,,,、,、,、
46605_31178.html,102,17,ついて行っ,動詞,自立,,,五段・カ行促音便,連用タ接続,ついて行く,ツイテイッ,ツイテイッ
46605_31178.html,102,18,て,助詞,接続助詞,,,,,て,テ,テ
46605_31178.html,102,19,見よ,動詞,自立,,,一段,未然ウ接続,見る,ミヨ,ミヨ
46605_31178.html,102,20,う,助動詞,,,,不変化型,基本形,う,ウ,ウ
46605_31178.html,102,21,、,記号,読点,,,,,、,、,、
46605_31178.html,102,22,ああ,副詞,一般,,,,,ああ,アア,アア
46605_31178.html,102,23,いい,動詞,自立,,,五段・ワ行促音便,連用形,いう,イイ,イイ
46605_31178.html,102,24,匂い,名詞,一般,,,,,匂い,ニオイ,ニオイ
46605_31178.html,102,25,だ,助動詞,,,,特殊・ダ,基本形,だ,ダ,ダ
46605_31178.html,102,26,な,助詞,終助詞,,,,,な,ナ,ナ
46605_31178.html,102,27,』,記号,括弧閉,,,,,』,』,』
46605_31178.html,103,1,なるほど,感動詞,,,,,,なるほど,ナルホド,ナルホド
46605_31178.html,103,2,、,記号,読点,,,,,、,、,、
46605_31178.html,103,3,そこら,副詞,一般,,,,,そこら,ソコラ,ソコラ
46605_31178.html,103,4,の,助詞,連体化,,,,,の,ノ,ノ
46605_31178.html,103,5,月あかり,名詞,一般,,,,,月あかり,ツキアカリ,ツキアカリ
46605_31178.html,103,6,の,助詞,連体化,,,,,の,ノ,ノ
46605_31178.html,103,7,水,名詞,一般,,,,,水,ミズ,ミズ
46605_31178.html,103,8,の,助詞,連体化,,,,,の,ノ,ノ
46605_31178.html,103,9,中,名詞,非自立,副詞可能,,,,中,ナカ,ナカ
46605_31178.html,103,10,は,助詞,係助詞,,,,,は,ハ,ワ
46605_31178.html,103,11,、,記号,読点,,,,,、,、,、
46605_31178.html,103,12,やま,名詞,一般,,,,,やま,ヤマ,ヤマ
46605_31178.html,103,13,なし,形容詞,自立,,,形容詞・アウオ段,文語基本形,ない,ナシ,ナシ
46605_31178.html,103,14,の,助詞,連体化,,,,,の,ノ,ノ
46605_31178.html,103,15,いい,動詞,自立,,,五段・ワ行促音便,連用形,いう,イイ,イイ
46605_31178.html,103,16,匂い,名詞,一般,,,,,匂い,ニオイ,ニオイ
46605_31178.html,103,17,で,助詞,格助詞,一般,,,,で,デ,デ
46605_31178.html,103,18,いっぱい,副詞,一般,,,,,いっぱい,イッパイ,イッパイ
46605_31178.html,103,19,でし,助動詞,,,,特殊・デス,連用形,です,デシ,デシ
46605_31178.html,103,20,た,助動詞,,,,特殊・タ,基本形,た,タ,タ
46605_31178.html,103,21,。,記号,句点,,,,,。,。,。
46605_31178.html,104,1,三,名詞,数,,,,,三,サン,サン
46605_31178.html,104,2,疋,名詞,一般,,,,,疋,疋,疋
46605_31178.html,104,3,は,助詞,係助詞,,,,,は,ハ,ワ
46605_31178.html,104,4,ぼ,動詞,自立,,,五段・ラ行,体言接続特殊２,ぼる,ボ,ボ
46605_31178.html,104,5,か,助詞,副助詞／並立助詞／終助詞,,,,,か,カ,カ
46605_31178.html,104,6,ぼ,動詞,自立,,,五段・ラ行,体言接続特殊２,ぼる,ボ,ボ
46605_31178.html,104,7,か,助詞,副助詞／並立助詞／終助詞,,,,,か,カ,カ
46605_31178.html,104,8,流れ,動詞,自立,,,一段,連用形,流れる,ナガレ,ナガレ
46605_31178.html,104,9,て,助詞,接続助詞,,,,,て,テ,テ
46605_31178.html,104,10,行く,動詞,非自立,,,五段・カ行促音便,基本形,行く,イク,イク
46605_31178.html,104,11,やま,名詞,一般,,,,,やま,ヤマ,ヤマ
46605_31178.html,104,12,なし,形容詞,自立,,,形容詞・アウオ段,文語基本形,ない,ナシ,ナシ
46605_31178.html,104,13,の,助詞,連体化,,,,,の,ノ,ノ
46605_31178.html,104,14,あと,名詞,一般,,,,,あと,アト,アト
46605_31178.html,104,15,を,助詞,格助詞,一般,,,,を,ヲ,ヲ
46605_31178.html,104,16,追い,動詞,自立,,,五段・ワ行促音便,連用形,追う,オイ,オイ
46605_31178.html,104,17,まし,助動詞,,,,特殊・マス,連用形,ます,マシ,マシ
46605_31178.html,104,18,た,助動詞,,,,特殊・タ,基本形,た,タ,タ
46605_31178.html,104,19,。,記号,句点,,,,,。,。,。
46605_31178.html,105,1,その,連体詞,,,,,,その,ソノ,ソノ
46605_31178.html,105,2,横,名詞,一般,,,,,横,ヨコ,ヨコ
46605_31178.html,105,3,あるき,名詞,一般,,,,,あるき,アルキ,アルキ
46605_31178.html,105,4,と,助詞,並立助詞,,,,,と,ト,ト
46605_31178.html,105,5,、,記号,読点,,,,,、,、,、
46605_31178.html,105,6,底,名詞,一般,,,,,底,ソコ,ソコ
46605_31178.html,105,7,の,助詞,格助詞,一般,,,,の,ノ,ノ
46605_31178.html,105,8,黒い,形容詞,自立,,,形容詞・アウオ段,基本形,黒い,クロイ,クロイ
46605_31178.html,105,9,三つ,名詞,一般,,,,,三つ,ミッツ,ミッツ
46605_31178.html,105,10,の,助詞,連体化,,,,,の,ノ,ノ
46605_31178.html,105,11,影法師,名詞,一般,,,,,影法師,カゲボウシ,カゲボーシ
46605_31178.html,105,12,が,助詞,格助詞,一般,,,,が,ガ,ガ
46605_31178.html,105,13,、,記号,読点,,,,,、,、,、
46605_31178.html,105,14,合せ,動詞,自立,,,一段,連用形,合せる,アワセ,アワセ
46605_31178.html,105,15,て,助詞,接続助詞,,,,,て,テ,テ
46605_31178.html,105,16,六つ,名詞,一般,,,,,六つ,ムッツ,ムッツ
46605_31178.html,105,17,踊る,動詞,自立,,,五段・ラ行,基本形,踊る,オドル,オドル
46605_31178.html,105,18,よう,名詞,非自立,助動詞語幹,,,,よう,ヨウ,ヨー
46605_31178.html,105,19,に,助詞,格助詞,一般,,,,に,ニ,ニ
46605_31178.html,105,20,し,動詞,自立,,,サ変・スル,連用形,する,シ,シ
46605_31178.html,105,21,て,助詞,接続助詞,,,,,て,テ,テ
46605_31178.html,105,22,、,記号,読点,,,,,、,、,、
46605_31178.html,105,23,やま,名詞,一般,,,,,やま,ヤマ,ヤマ
46605_31178.html,105,24,なし,形容詞,自立,,,形容詞・アウオ段,文語基本形,ない,ナシ,ナシ
46605_31178.html,105,25,の,助詞,連体化,,,,,の,ノ,ノ
46605_31178.html,105,26,円い,形容詞,自立,,,形容詞・アウオ段,基本形,円い,マルイ,マルイ
46605_31178.html,105,27,影,名詞,一般,,,,,影,カゲ,カゲ
46605_31178.html,105,28,を,助詞,格助詞,一般,,,,を,ヲ,ヲ
46605_31178.html,105,29,追い,動詞,自立,,,五段・ワ行促音便,連用形,追う,オイ,オイ
46605_31178.html,105,30,まし,助動詞,,,,特殊・マス,連用形,ます,マシ,マシ
46605_31178.html,105,31,た,助動詞,,,,特殊・タ,基本形,た,タ,タ
46605_31178.html,105,32,。,記号,句点,,,,,。,。,。
46605_31178.html,106,1,間もなく,副詞,助詞類接続,,,,,間もなく,マモナク,マモナク
46605_31178.html,106,2,水,名詞,一般,,,,,水,ミズ,ミズ
46605_31178.html,106,3,は,助詞,係助詞,,,,,は,ハ,ワ
46605_31178.html,106,4,サラサラ,副詞,一般,,,,,サラサラ,サラサラ,サラサラ
46605_31178.html,106,5,鳴り,動詞,自立,,,五段・ラ行,連用形,鳴る,ナリ,ナリ
46605_31178.html,106,6,、,記号,読点,,,,,、,、,、
46605_31178.html,106,7,天井,名詞,一般,,,,,天井,テンジョウ,テンジョー
46605_31178.html,106,8,の,助詞,連体化,,,,,の,ノ,ノ
46605_31178.html,106,9,波,名詞,一般,,,,,波,ナミ,ナミ
46605_31178.html,106,10,は,助詞,係助詞,,,,,は,ハ,ワ
46605_31178.html,106,11,いよいよ,副詞,一般,,,,,いよいよ,イヨイヨ,イヨイヨ
46605_31178.html,106,12,青い,形容詞,自立,,,形容詞・アウオ段,基本形,青い,アオイ,アオイ
46605_31178.html,106,13,焔,名詞,一般,,,,,焔,ホノオ,ホノオ
46605_31178.html,106,14,を,助詞,格助詞,一般,,,,を,ヲ,ヲ
46605_31178.html,106,15,あげ,動詞,自立,,,一段,連用形,あげる,アゲ,アゲ
46605_31178.html,106,16,、,記号,読点,,,,,、,、,、
46605_31178.html,106,17,やま,名詞,一般,,,,,やま,ヤマ,ヤマ
46605_31178.html,106,18,なし,形容詞,自立,,,形容詞・アウオ段,文語基本形,ない,ナシ,ナシ
46605_31178.html,106,19,は,助詞,係助詞,,,,,は,ハ,ワ
46605_31178.html,106,20,横,名詞,一般,,,,,横,ヨコ,ヨコ
46605_31178.html,106,21,に,助詞,格助詞,一般,,,,に,ニ,ニ
46605_31178.html,106,22,なっ,動詞,自立,,,五段・ラ行,連用タ接続,なる,ナッ,ナッ
46605_31178.html,106,23,て,助詞,接続助詞,,,,,て,テ,テ
46605_31178.html,106,24,木,名詞,一般,,,,,木,キ,キ
46605_31178.html,106,25,の,助詞,連体化,,,,,の,ノ,ノ
46605_31178.html,106,26,枝,名詞,一般,,,,,枝,エダ,エダ
46605_31178.html,106,27,に,助詞,格助詞,一般,,,,に,ニ,ニ
46605_31178.html,106,28,ひっかかっ,動詞,自立,,,五段・ラ行,連用タ接続,ひっかかる,ヒッカカッ,ヒッカカッ
46605_31178.html,106,29,て,助詞,接続助詞,,,,,て,テ,テ
46605_31178.html,106,30,とまり,動詞,自立,,,五段・ラ行,連用形,とまる,トマリ,トマリ
46605_31178.html,106,31,、,記号,読点,,,,,、,、,、
46605_31178.html,106,32,その,連体詞,,,,,,その,ソノ,ソノ
46605_31178.html,106,33,上,名詞,非自立,副詞可能,,,,上,ジョウ,ジョー
46605_31178.html,106,34,に,助詞,格助詞,一般,,,,に,ニ,ニ
46605_31178.html,106,35,は,助詞,係助詞,,,,,は,ハ,ワ
46605_31178.html,106,36,月光,名詞,一般,,,,,月光,ゲッコウ,ゲッコー
46605_31178.html,106,37,の,助詞,連体化,,,,,の,ノ,ノ
46605_31178.html,106,38,虹,名詞,一般,,,,,虹,ニジ,ニジ
46605_31178.html,106,39,が,助詞,格助詞,一般,,,,が,ガ,ガ
46605_31178.html,106,40,も,助詞,係助詞,,,,,も,モ,モ
46605_31178.html,106,41,かも,助詞,副助詞,,,,,かも,カモ,カモ
46605_31178.html,106,42,か,助詞,副助詞／並立助詞／終助詞,,,,,か,カ,カ
46605_31178.html,106,43,集まり,動詞,自立,,,五段・ラ行,連用形,集まる,アツマリ,アツマリ
46605_31178.html,106,44,まし,助動詞,,,,特殊・マス,連用形,ます,マシ,マシ
46605_31178.html,106,45,た,助動詞,,,,特殊・タ,基本形,た,タ,タ
46605_31178.html,106,46,。,記号,句点,,,,,。,。,。
46605_31178.html,107,1,『,記号,括弧開,,,,,『,『,『
46605_31178.html,107,2,どう,副詞,助詞類接続,,,,,どう,ドウ,ドー
46605_31178.html,107,3,だ,助動詞,,,,特殊・ダ,基本形,だ,ダ,ダ
46605_31178.html,107,4,、,記号,読点,,,,,、,、,、
46605_31178.html,107,5,やっぱり,副詞,一般,,,,,やっぱり,ヤッパリ,ヤッパリ
46605_31178.html,107,6,やま,動詞,自立,,,五段・マ行,未然形,やむ,ヤマ,ヤマ
46605_31178.html,107,7,なし,助動詞,,,,特殊・ナイ,文語基本形,ない,ナシ,ナシ
46605_31178.html,107,8,だ,助動詞,,,,特殊・ダ,基本形,だ,ダ,ダ
46605_31178.html,107,9,よ,助詞,終助詞,,,,,よ,ヨ,ヨ
46605_31178.html,107,10,、,記号,読点,,,,,、,、,、
46605_31178.html,107,11,よく,副詞,一般,,,,,よく,ヨク,ヨク
46605_31178.html,107,12,熟し,動詞,自立,,,五段・サ行,連用形,熟す,ジュクシ,ジュクシ
46605_31178.html,107,13,て,助詞,接続助詞,,,,,て,テ,テ
46605_31178.html,107,14,いる,動詞,非自立,,,一段,基本形,いる,イル,イル
46605_31178.html,107,15,、,記号,読点,,,,,、,、,、
46605_31178.html,107,16,いい,動詞,自立,,,五段・ワ行促音便,連用形,いう,イイ,イイ
46605_31178.html,107,17,匂い,名詞,一般,,,,,匂い,ニオイ,ニオイ
46605_31178.html,107,18,だろ,助動詞,,,,特殊・ダ,未然形,だ,ダロ,ダロ
46605_31178.html,107,19,う,助動詞,,,,不変化型,基本形,う,ウ,ウ
46605_31178.html,107,20,。,記号,句点,,,,,。,。,。
46605_31178.html,107,21,』,記号,括弧閉,,,,,』,』,』
46605_31178.html,108,1,『,記号,括弧開,,,,,『,『,『
46605_31178.html,108,2,おいし,形容詞,自立,,,形容詞・イ段,ガル接続,おいしい,オイシ,オイシ
46605_31178.html,108,3,そう,名詞,接尾,助動詞語幹,,,,そう,ソウ,ソー
46605_31178.html,108,4,だ,助動詞,,,,特殊・ダ,基本形,だ,ダ,ダ
46605_31178.html,108,5,ね,助詞,終助詞,,,,,ね,ネ,ネ
46605_31178.html,108,6,、,記号,読点,,,,,、,、,、
46605_31178.html,108,7,お父さん,名詞,一般,,,,,お父さん,オトウサン,オトーサン
46605_31178.html,108,8,』,記号,括弧閉,,,,,』,』,』
46605_31178.html,109,1,『,記号,括弧開,,,,,『,『,『
46605_31178.html,109,2,待,動詞,自立,,,一段,連用形,待る,マテ,マテ
46605_31178.html,109,3,て,助詞,接続助詞,,,,,て,テ,テ
46605_31178.html,109,4,待て,動詞,自立,,,一段,連用形,待てる,マテ,マテ
46605_31178.html,109,5,、,記号,読点,,,,,、,、,、
46605_31178.html,109,6,もう,副詞,一般,,,,,もう,モウ,モー
46605_31178.html,109,7,二,名詞,数,,,,,二,ニ,ニ
46605_31178.html,109,8,日,名詞,接尾,助数詞,,,,日,ニチ,ニチ
46605_31178.html,109,9,ばかり,助詞,副助詞,,,,,ばかり,バカリ,バカリ
46605_31178.html,109,10,待つ,動詞,自立,,,五段・タ行,基本形,待つ,マツ,マツ
46605_31178.html,109,11,と,助詞,接続助詞,,,,,と,ト,ト
46605_31178.html,109,12,ね,助詞,終助詞,,,,,ね,ネ,ネ
46605_31178.html,109,13,、,記号,読点,,,,,、,、,、
46605_31178.html,109,14,こいつ,名詞,一般,,,,,こいつ,コイツ,コイツ
46605_31178.html,109,15,は,助詞,係助詞,,,,,は,ハ,ワ
46605_31178.html,109,16,下,名詞,一般,,,,,下,シタ,シタ
46605_31178.html,109,17,へ,助詞,格助詞,一般,,,,へ,ヘ,エ
46605_31178.html,109,18,沈ん,動詞,自立,,,五段・マ行,連用タ接続,沈む,シズン,シズン
46605_31178.html,109,19,で,助詞,接続助詞,,,,,で,デ,デ
46605_31178.html,109,20,来る,動詞,非自立,,,カ変・来ル,基本形,来る,クル,クル
46605_31178.html,109,21,、,記号,読点,,,,,、,、,、
46605_31178.html,109,22,それから,接続詞,,,,,,それから,ソレカラ,ソレカラ
46605_31178.html,109,23,ひとりでに,副詞,一般,,,,,ひとりでに,ヒトリデニ,ヒトリデニ
46605_31178.html,109,24,おいしい,形容詞,自立,,,形容詞・イ段,基本形,おいしい,オイシイ,オイシイ
46605_31178.html,109,25,お,接頭詞,名詞接続,,,,,お,オ,オ
46605_31178.html,109,26,酒,名詞,一般,,,,,酒,サケ,サケ
46605_31178.html,109,27,が,助詞,格助詞,一般,,,,が,ガ,ガ
46605_31178.html,109,28,できる,動詞,自立,,,一段,基本形,できる,デキル,デキル
46605_31178.html,109,29,から,助詞,接続助詞,,,,,から,カラ,カラ
46605_31178.html,109,30,、,記号,読点,,,,,、,、,、
46605_31178.html,109,31,さあ,感動詞,,,,,,さあ,サア,サー
46605_31178.html,109,32,、,記号,読点,,,,,、,、,、
46605_31178.html,109,33,もう,副詞,一般,,,,,もう,モウ,モー
46605_31178.html,109,34,帰っ,動詞,自立,,,五段・ラ行,連用タ接続,帰る,カエッ,カエッ
46605_31178.html,109,35,て,助詞,接続助詞,,,,,て,テ,テ
46605_31178.html,109,36,寝よ,動詞,自立,,,一段,未然ウ接続,寝る,ネヨ,ネヨ
46605_31178.html,109,37,う,助動詞,,,,不変化型,基本形,う,ウ,ウ
46605_31178.html,109,38,、,記号,読点,,,,,、,、,、
46605_31178.html,109,39,おいで,名詞,一般,,,,,おいで,オイデ,オイデ
46605_31178.html,109,40,』,記号,括弧閉,,,,,』,』,』
46605_31178.html,110,1,親子,名詞,一般,,,,,親子,オヤコ,オヤコ
46605_31178.html,110,2,の,助詞,連体化,,,,,の,ノ,ノ
46605_31178.html,110,3,蟹,名詞,一般,,,,,蟹,カニ,カニ
46605_31178.html,110,4,は,助詞,係助詞,,,,,は,ハ,ワ
46605_31178.html,110,5,三,名詞,数,,,,,三,サン,サン
46605_31178.html,110,6,疋自,名詞,一般,,,,,疋自,疋自,疋自
46605_31178.html,110,7,分,名詞,接尾,一般,,,,分,ブン,ブン
46605_31178.html,110,8,等,名詞,接尾,一般,,,,等,トウ,トー
46605_31178.html,110,9,の,助詞,連体化,,,,,の,ノ,ノ
46605_31178.html,110,10,穴,名詞,一般,,,,,穴,アナ,アナ
46605_31178.html,110,11,に,助詞,格助詞,一般,,,,に,ニ,ニ
46605_31178.html,110,12,帰っ,動詞,自立,,,五段・ラ行,連用タ接続,帰る,カエッ,カエッ
46605_31178.html,110,13,て,助詞,接続助詞,,,,,て,テ,テ
46605_31178.html,110,14,行き,動詞,非自立,,,五段・カ行促音便,連用形,行く,イキ,イキ
46605_31178.html,110,15,ます,助動詞,,,,特殊・マス,基本形,ます,マス,マス
46605_31178.html,110,16,。,記号,句点,,,,,。,。,。
46605_31178.html,111,1,波,名詞,一般,,,,,波,ナミ,ナミ
46605_31178.html,111,2,は,助詞,係助詞,,,,,は,ハ,ワ
46605_31178.html,111,3,いよいよ,副詞,一般,,,,,いよいよ,イヨイヨ,イヨイヨ
46605_31178.html,111,4,青じろい,形容詞,自立,,,形容詞・アウオ段,基本形,青じろい,アオジロイ,アオジロイ
46605_31178.html,111,5,焔,名詞,一般,,,,,焔,ホノオ,ホノオ
46605_31178.html,111,6,を,助詞,格助詞,一般,,,,を,ヲ,ヲ
46605_31178.html,111,7,ゆらゆら,副詞,一般,,,,,ゆらゆら,ユラユラ,ユラユラ
46605_31178.html,111,8,と,助詞,格助詞,引用,,,,と,ト,ト
46605_31178.html,111,9,あげ,動詞,自立,,,一段,連用形,あげる,アゲ,アゲ
46605_31178.html,111,10,まし,助動詞,,,,特殊・マス,連用形,ます,マシ,マシ
46605_31178.html,111,11,た,助動詞,,,,特殊・タ,基本形,た,タ,タ
46605_31178.html,111,12,、,記号,読点,,,,,、,、,、
46605_31178.html,111,13,それ,名詞,代名詞,一般,,,,それ,ソレ,ソレ
46605_31178.html,111,14,は,助詞,係助詞,,,,,は,ハ,ワ
46605_31178.html,111,15,又,副詞,助詞類接続,,,,,又,マタ,マタ
46605_31178.html,111,16,金剛石,名詞,一般,,,,,金剛石,コンゴウセキ,コンゴーセキ
46605_31178.html,111,17,の,助詞,連体化,,,,,の,ノ,ノ
46605_31178.html,111,18,粉,名詞,一般,,,,,粉,コナ,コナ
46605_31178.html,111,19,を,助詞,格助詞,一般,,,,を,ヲ,ヲ
46605_31178.html,111,20,はい,動詞,自立,,,五段・カ行イ音便,連用タ接続,はく,ハイ,ハイ
46605_31178.html,111,21,て,助詞,接続助詞,,,,,て,テ,テ
46605_31178.html,111,22,いる,動詞,非自立,,,一段,基本形,いる,イル,イル
46605_31178.html,111,23,よう,名詞,非自立,助動詞語幹,,,,よう,ヨウ,ヨー
46605_31178.html,111,24,でし,助動詞,,,,特殊・デス,連用形,です,デシ,デシ
46605_31178.html,111,25,た,助動詞,,,,特殊・タ,基本形,た,タ,タ
46605_31178.html,111,26,。,記号,句点,,,,,。,。,。
46605_31178.html,112,1,＊,記号,一般,,,,,＊,＊,＊
46605_31178.html,113,1,私,名詞,代名詞,一般,,,,私,ワタシ,ワタシ
46605_31178.html,113,2,の,助詞,連体化,,,,,の,ノ,ノ
46605_31178.html,113,3,幻,名詞,一般,,,,,幻,マボロシ,マボロシ
46605_31178.html,113,4,燈,名詞,一般,,,,,燈,燈,燈
46605_31178.html,113,5,は,助詞,係助詞,,,,,は,ハ,ワ
46605_31178.html,113,6,これ,名詞,代名詞,一般,,,,これ,コレ,コレ
46605_31178.html,113,7,で,助詞,格助詞,一般,,,,で,デ,デ
46605_31178.html,113,8,おしまい,名詞,一般,,,,,おしまい,オシマイ,オシマイ
46605_31178.html,113,9,で,助動詞,,,,特殊・ダ,連用形,だ,デ,デ
46605_31178.html,113,10,あり,助動詞,,,,五段・ラ行アル,連用形,ある,アリ,アリ
46605_31178.html,113,11,ます,助動詞,,,,特殊・マス,基本形,ます,マス,マス
46605_31178.html,113,12,。,記号,句点,,,,,。,。,。
